,property-type,rooms-number,area,open-fire,terrace-area,terrace,garden ,garden-area,swimming-pool,price,type,zip-code,region,equipped-kitchen,building-state,facades-number
146,HOUSE,7,687,False,1.0,True,True,1,True,1580000.0,HOUSE,1180,Uccle,HYPER_EQUIPPED,AS_NEW,4.0
149,HOUSE,4,198,False,50.0,True,True,1050,False,378000.0,HOUSE,7533,Tournai,INSTALLED,GOOD,3.0
172,HOUSE,3,173,False,12.0,True,True,47,False,450000.0,HOUSE,1800,Koningslo,USA_INSTALLED,AS_NEW,2.0
196,HOUSE,4,147,False,16.0,True,True,130,False,325000.0,HOUSE,3370,Boutersem,INSTALLED,GOOD,2.0
197,HOUSE,3,187,False,49.0,True,True,1165,False,445000.0,HOUSE,3401,Landen,INSTALLED,GOOD,4.0
233,HOUSE,3,156,False,10.0,True,True,402,False,359000.0,HOUSE,9100,Sint-Niklaas,SEMI_EQUIPPED,TO_RENOVATE,4.0
241,VILLA,4,170,True,30.0,True,True,1000,True,595000.0,HOUSE,1320,Beauvechain,USA_HYPER_EQUIPPED,AS_NEW,4.0
264,HOUSE,4,200,False,28.0,True,True,54,False,304000.0,HOUSE,7060,Soignies,HYPER_EQUIPPED,AS_NEW,2.0
269,HOUSE,3,160,False,25.0,True,True,400,False,625000.0,HOUSE,1640,Rhode-Saint-Genese,INSTALLED,GOOD,4.0
270,VILLA,3,254,False,50.0,True,True,1600,True,750000.0,HOUSE,7540,Kain,HYPER_EQUIPPED,AS_NEW,4.0
282,HOUSE,5,265,True,80.0,True,True,1300,False,579000.0,HOUSE,5150,Floreffe,HYPER_EQUIPPED,AS_NEW,4.0
327,VILLA,4,180,False,57.0,True,True,600,False,560000.0,HOUSE,9820,Merelbeke,INSTALLED,GOOD,4.0
391,HOUSE,3,211,False,20.0,True,True,755,False,695000.0,HOUSE,2520,Ranst,USA_HYPER_EQUIPPED,JUST_RENOVATED,4.0
432,HOUSE,4,300,True,1.0,True,True,1,False,850000.0,HOUSE,1640,Rhode-Saint-Genèse,USA_HYPER_EQUIPPED,GOOD,4.0
440,HOUSE,4,350,True,36.0,True,True,270,True,1750000.0,HOUSE,1180,Uccle,HYPER_EQUIPPED,GOOD,3.0
445,HOUSE,4,140,False,9.0,True,True,120,False,499000.0,HOUSE,1160,Auderghem,SEMI_EQUIPPED,TO_BE_DONE_UP,2.0
471,HOUSE,3,176,True,20.0,True,True,274,False,355000.0,HOUSE,2288,Grobbendonk,INSTALLED,GOOD,4.0
473,VILLA,3,203,False,40.0,True,True,2000,False,550000.0,HOUSE,4910,Theux,USA_INSTALLED,AS_NEW,4.0
489,HOUSE,4,160,False,20.0,True,True,55,False,329000.0,HOUSE,9000,Gent,INSTALLED,TO_BE_DONE_UP,2.0
507,HOUSE,2,144,False,12.0,True,True,127,False,265000.0,HOUSE,2830,Willebroek,INSTALLED,GOOD,2.0
565,COUNTRY_COTTAGE,3,228,False,50.0,True,True,1900,False,470000.0,HOUSE,6929,Daverdisse Gembes,INSTALLED,AS_NEW,4.0
572,HOUSE,4,180,False,25.0,True,True,400,False,410000.0,HOUSE,8200,Brugge,NOT_INSTALLED,TO_RENOVATE,3.0
585,HOUSE,5,700,False,60.0,True,True,1370,True,3500000.0,HOUSE,1180,Uccle,HYPER_EQUIPPED,AS_NEW,4.0
609,EXCEPTIONAL_PROPERTY,9,600,False,100.0,True,True,42500,True,1300000.0,HOUSE,6880,Bertrix,SEMI_EQUIPPED,TO_BE_DONE_UP,4.0
612,HOUSE,3,142,False,20.0,True,True,290,False,249000.0,HOUSE,9600,Ronse,INSTALLED,AS_NEW,2.0
613,HOUSE,2,101,False,10.0,True,True,80,False,125000.0,HOUSE,9600,Ronse,SEMI_EQUIPPED,GOOD,2.0
719,HOUSE,3,110,False,31.0,True,True,100,False,269500.0,HOUSE,4100,Seraing,INSTALLED,GOOD,2.0
721,HOUSE,2,110,False,9.0,True,True,75,False,199000.0,HOUSE,4100,Seraing,INSTALLED,AS_NEW,2.0
739,HOUSE,6,220,False,5.0,True,True,350,True,590000.0,HOUSE,4870,Trooz,INSTALLED,TO_BE_DONE_UP,4.0
879,HOUSE,4,160,False,18.0,True,True,153,False,430000.0,HOUSE,2640,Mortsel,INSTALLED,TO_BE_DONE_UP,3.0
885,HOUSE,2,107,False,16.0,True,True,115,False,220000.0,HOUSE,4020,Liège,INSTALLED,GOOD,2.0
888,HOUSE,3,147,False,1.0,True,True,63,False,349000.0,HOUSE,2890,Oppuurs,USA_INSTALLED,JUST_RENOVATED,2.0
889,HOUSE,4,215,False,15.0,True,True,50,False,329000.0,HOUSE,2610,Antwerpen,INSTALLED,GOOD,2.0
899,HOUSE,4,200,True,58.0,True,True,3030,False,450000.0,HOUSE,5310,Éghezée,SEMI_EQUIPPED,GOOD,4.0
902,HOUSE,2,160,False,18.0,True,True,80,False,459000.0,HOUSE,9308,Aalst,INSTALLED,JUST_RENOVATED,3.0
904,HOUSE,3,200,True,20.0,True,True,40,False,410000.0,HOUSE,1800,Vilvoorde,INSTALLED,GOOD,2.0
905,VILLA,2,168,False,30.0,True,True,120,False,495000.0,HOUSE,1840,Londerzeel,INSTALLED,AS_NEW,4.0
909,BUNGALOW,2,157,False,20.0,True,True,400,False,459000.0,HOUSE,1770,Liedekerke,HYPER_EQUIPPED,GOOD,4.0
925,HOUSE,4,160,False,50.0,True,True,23,False,365000.0,HOUSE,1070,Anderlecht,SEMI_EQUIPPED,TO_BE_DONE_UP,2.0
959,HOUSE,3,227,True,30.0,True,True,260,False,349999.0,HOUSE,9240,Zele,INSTALLED,AS_NEW,2.0
962,HOUSE,3,155,False,100.0,True,True,700,False,398000.0,HOUSE,2520,Ranst,INSTALLED,JUST_RENOVATED,3.0
965,HOUSE,3,216,True,1.0,True,True,1,False,535000.0,HOUSE,9700,Oudenaarde,INSTALLED,GOOD,4.0
978,HOUSE,3,116,False,15.0,True,True,33,False,249000.0,HOUSE,9150,Bazel,INSTALLED,GOOD,2.0
982,HOUSE,4,276,False,1.0,True,True,1,False,254000.0,HOUSE,9550,Herzele,INSTALLED,GOOD,2.0
990,VILLA,5,330,True,100.0,True,True,1280,True,975000.0,HOUSE,2920,Kalmthout,HYPER_EQUIPPED,GOOD,4.0
996,HOUSE,4,167,False,25.0,True,True,210,False,330000.0,HOUSE,2940,Stabroek,INSTALLED,AS_NEW,3.0
998,HOUSE,3,115,True,1.0,True,True,1,False,340000.0,HOUSE,3150,Haacht,INSTALLED,TO_BE_DONE_UP,3.0
1011,HOUSE,4,158,False,14.0,True,True,77,False,419000.0,HOUSE,9032,Gent,INSTALLED,AS_NEW,3.0
1024,EXCEPTIONAL_PROPERTY,4,410,True,64.0,True,True,11000,False,750000.0,HOUSE,5660,Gonrieux,USA_HYPER_EQUIPPED,AS_NEW,4.0
1035,HOUSE,4,180,False,10.0,True,True,260,False,239000.0,HOUSE,3300,Tienen,SEMI_EQUIPPED,TO_BE_DONE_UP,2.0
1039,APARTMENT_BLOCK,6,220,False,10.0,True,True,170,False,799000.0,HOUSE,1070,Anderlecht,USA_HYPER_EQUIPPED,GOOD,2.0
1109,COUNTRY_COTTAGE,3,550,True,30.0,True,True,1882,False,815000.0,HOUSE,8020,Oostkamp,INSTALLED,GOOD,1.0
1124,HOUSE,4,180,False,10.0,True,True,35,False,495000.0,HOUSE,1030,Schaerbeek,HYPER_EQUIPPED,AS_NEW,2.0
1157,HOUSE,3,198,False,45.0,True,True,700,False,535000.0,HOUSE,2200,Herentals,INSTALLED,JUST_RENOVATED,4.0
1196,HOUSE,3,155,False,1.0,True,True,1,False,310000.0,HOUSE,3530,Houthalen-Helchteren,INSTALLED,AS_NEW,3.0
1199,HOUSE,1,62,False,10.0,True,True,256,False,29000.0,HOUSE,6940,Durbuy,NOT_INSTALLED,TO_RENOVATE,4.0
1211,HOUSE,4,400,True,1.0,True,True,1,False,819000.0,HOUSE,2970,Schilde,USA_HYPER_EQUIPPED,AS_NEW,4.0
1231,HOUSE,4,150,False,20.0,True,True,500,False,459000.0,HOUSE,3000,Leuven,INSTALLED,GOOD,2.0
1259,HOUSE,3,150,False,20.0,True,True,100,False,130000.0,HOUSE,7033,Mons,SEMI_EQUIPPED,TO_RENOVATE,3.0
1263,HOUSE,5,227,False,50.0,True,True,50,False,450000.0,HOUSE,1070,Anderlecht,USA_INSTALLED,AS_NEW,2.0
1296,HOUSE,4,278,False,19.0,True,True,1952,False,395000.0,HOUSE,3090,Overijse,SEMI_EQUIPPED,TO_RENOVATE,4.0
1331,HOUSE,4,190,False,25.0,True,True,80,False,315000.0,HOUSE,4683,Oupeye,USA_HYPER_EQUIPPED,AS_NEW,2.0
1337,HOUSE,3,265,False,20.0,True,True,100,False,349000.0,HOUSE,2830,Willebroek,INSTALLED,AS_NEW,2.0
1353,HOUSE,2,150,False,10.0,True,True,98,False,90000.0,HOUSE,7170,LA HESTRE,NOT_INSTALLED,TO_RENOVATE,2.0
1364,HOUSE,3,196,False,14.0,True,True,96,False,329000.0,HOUSE,9100,Sint-Niklaas,INSTALLED,GOOD,2.0
1389,HOUSE,5,320,False,30.0,True,True,350,False,490000.0,HOUSE,1420,Braine-l'Alleud,SEMI_EQUIPPED,GOOD,3.0
1441,HOUSE,4,160,False,30.0,True,True,600,False,300000.0,HOUSE,4537,Verlaine,INSTALLED,AS_NEW,3.0
1462,HOUSE,4,219,False,50.0,True,True,20,False,119900.0,HOUSE,6030,Charleroi-Marchienne-au-Pont,NOT_INSTALLED,TO_RENOVATE,3.0
1463,HOUSE,3,124,False,15.0,True,True,62,False,159000.0,HOUSE,7700,Mouscron,INSTALLED,GOOD,2.0
1464,HOUSE,3,110,False,40.0,True,True,179,False,259000.0,HOUSE,4000,Liège,INSTALLED,GOOD,2.0
1469,VILLA,3,169,False,60.0,True,True,1200,True,550000.0,HOUSE,1325,Chaumont-Gistoux,USA_INSTALLED,AS_NEW,4.0
1477,VILLA,4,202,False,30.0,True,True,730,False,348000.0,HOUSE,4190,FERRIERES XHORIS,USA_INSTALLED,GOOD,4.0
1511,HOUSE,5,202,False,8.0,True,True,25,False,550000.0,HOUSE,1000,Bruxelles,NOT_INSTALLED,TO_RENOVATE,2.0
1512,HOUSE,4,344,False,16.0,True,True,160,False,1280000.0,HOUSE,1200,Woluwe-Saint-Lambert,HYPER_EQUIPPED,GOOD,2.0
1522,HOUSE,3,130,False,25.0,True,True,800,False,299000.0,HOUSE,4530,Villers-le-Bouillet,HYPER_EQUIPPED,AS_NEW,4.0
1533,EXCEPTIONAL_PROPERTY,4,600,False,50.0,True,True,1400,False,1480000.0,HOUSE,5000,Namur,USA_INSTALLED,AS_NEW,4.0
1629,VILLA,3,305,True,16.0,True,True,1000,False,539000.0,HOUSE,3700,Tongeren,INSTALLED,GOOD,4.0
1656,HOUSE,3,143,False,10.0,True,True,52,False,325000.0,HOUSE,1500,Halle,SEMI_EQUIPPED,GOOD,2.0
1673,VILLA,3,305,False,1.0,True,True,1,True,960000.0,HOUSE,2280,Grobbendonk,HYPER_EQUIPPED,AS_NEW,4.0
1728,HOUSE,3,169,False,48.0,True,True,274,False,389000.0,HOUSE,9810,Nazareth,INSTALLED,AS_NEW,3.0
1733,HOUSE,2,170,False,30.0,True,True,110,True,300000.0,HOUSE,1430,Rebecq,INSTALLED,AS_NEW,2.0
1745,HOUSE,3,130,False,28.0,True,True,100,False,215000.0,HOUSE,8400,Oostende,INSTALLED,GOOD,2.0
1746,MIXED_USE_BUILDING,3,380,False,20.0,True,True,136,False,450000.0,HOUSE,4020,Liège,INSTALLED,TO_BE_DONE_UP,2.0
1801,VILLA,5,290,True,40.0,True,True,400,False,895000.0,HOUSE,1640,Rhode-Saint-Genèse,HYPER_EQUIPPED,TO_BE_DONE_UP,4.0
1807,HOUSE,3,117,False,1.0,True,True,1,False,249000.0,HOUSE,9600,Ronse,INSTALLED,GOOD,2.0
1813,HOUSE,3,131,False,15.0,True,True,25,False,275000.0,HOUSE,9900,Eeklo,SEMI_EQUIPPED,AS_NEW,2.0
1816,HOUSE,3,165,False,20.0,True,True,150,False,795000.0,HOUSE,1050,Ixelles,HYPER_EQUIPPED,TO_BE_DONE_UP,2.0
1817,MANOR_HOUSE,3,200,False,15.0,True,True,1000,False,520000.0,HOUSE,1755,Gooik,USA_HYPER_EQUIPPED,GOOD,4.0
1819,HOUSE,2,120,False,40.0,True,True,1645,False,369000.0,HOUSE,4217,Héron,USA_HYPER_EQUIPPED,AS_NEW,4.0
1825,HOUSE,4,150,False,25.0,True,True,250,False,500000.0,HOUSE,1930,Zaventem,USA_HYPER_EQUIPPED,AS_NEW,3.0
1886,HOUSE,5,160,False,23.0,True,True,75,False,515000.0,HOUSE,1428,Braine-l'Alleud,USA_HYPER_EQUIPPED,AS_NEW,3.0
1905,VILLA,4,300,False,150.0,True,True,1250,False,1300000.0,HOUSE,1650,Beersel,USA_HYPER_EQUIPPED,AS_NEW,4.0
1916,HOUSE,4,151,False,20.0,True,True,400,False,449000.0,HOUSE,9190,Stekene,HYPER_EQUIPPED,AS_NEW,3.0
1929,HOUSE,3,175,False,28.0,True,True,293,False,405000.0,HOUSE,9400,Ninove,HYPER_EQUIPPED,JUST_RENOVATED,3.0
2037,VILLA,4,202,False,50.0,True,True,1000,False,875000.0,HOUSE,3010,Leuven,INSTALLED,AS_NEW,6.0
2042,HOUSE,4,138,False,25.0,True,True,680,False,375000.0,HOUSE,1790,Affligem,INSTALLED,GOOD,3.0
2047,APARTMENT_BLOCK,4,180,False,10.0,True,True,35,False,495000.0,HOUSE,1030,Schaerbeek,HYPER_EQUIPPED,AS_NEW,2.0
2049,VILLA,3,123,True,65.0,True,True,65,False,169000.0,HOUSE,6141,Fontaine-l'Évêque,INSTALLED,GOOD,3.0
2056,HOUSE,3,120,False,30.0,True,True,300,False,380000.0,HOUSE,2990,Wuustwezel,INSTALLED,GOOD,4.0
2066,EXCEPTIONAL_PROPERTY,11,536,False,43.0,True,True,4000,True,890000.0,HOUSE,4950,Waimes,INSTALLED,GOOD,4.0
2069,HOUSE,3,116,False,15.0,True,True,80,False,285000.0,HOUSE,1480,Tubize,HYPER_EQUIPPED,AS_NEW,2.0
2076,VILLA,4,245,False,56.0,True,True,1244,False,575000.0,HOUSE,1390,Grez-Doiceau,USA_HYPER_EQUIPPED,GOOD,4.0
2090,VILLA,4,231,False,90.0,True,True,310,False,725000.0,HOUSE,3090,Overijse,HYPER_EQUIPPED,GOOD,4.0
2115,HOUSE,3,175,False,18.0,True,True,702,False,465000.0,HOUSE,9860,Oosterzele,INSTALLED,AS_NEW,3.0
2134,HOUSE,4,250,False,30.0,True,True,100,False,425000.0,HOUSE,1301,Wavre,HYPER_EQUIPPED,TO_RENOVATE,3.0
2135,VILLA,5,224,False,20.0,True,True,1500,True,849000.0,HOUSE,1410,Waterloo,NOT_INSTALLED,TO_RENOVATE,4.0
2157,HOUSE,4,274,False,12.0,True,True,29,False,850000.0,HOUSE,1180,Uccle,HYPER_EQUIPPED,AS_NEW,2.0
2162,HOUSE,4,185,False,20.0,True,True,80,False,895000.0,HOUSE,1060,Saint-Gilles,INSTALLED,TO_RENOVATE,2.0
2167,HOUSE,6,700,False,50.0,True,True,3000,True,3475000.0,HOUSE,1640,Rhode-Saint-Genese,USA_HYPER_EQUIPPED,JUST_RENOVATED,4.0
2168,HOUSE,5,469,False,25.0,True,True,150,False,1450000.0,HOUSE,1000,Bruxelles,INSTALLED,GOOD,2.0
2169,HOUSE,5,610,False,100.0,True,True,1000,False,3490000.0,HOUSE,1180,Uccle,INSTALLED,JUST_RENOVATED,4.0
2170,HOUSE,4,278,False,35.0,True,True,260,False,365000.0,HOUSE,8500,Kortrijk,SEMI_EQUIPPED,TO_RENOVATE,3.0
2180,HOUSE,4,210,False,80.0,True,True,1400,False,390000.0,HOUSE,4357,Donceel,INSTALLED,GOOD,4.0
2181,HOUSE,4,210,False,80.0,True,True,900,False,335000.0,HOUSE,4357,Donceel,INSTALLED,GOOD,4.0
2193,HOUSE,3,122,False,18.0,True,True,245,False,269000.0,HOUSE,4360,Oreye,INSTALLED,GOOD,2.0
2195,VILLA,1,80,False,100.0,True,True,800,True,249000.0,HOUSE,6181,Courcelles Gouylez-Piéton,USA_SEMI_EQUIPPED,JUST_RENOVATED,4.0
2214,HOUSE,3,136,False,40.0,True,True,40,False,114500.0,HOUSE,4860,Pepinster,SEMI_EQUIPPED,TO_RENOVATE,2.0
2226,HOUSE,2,155,False,10.0,True,True,50,False,149000.0,HOUSE,9600,Ronse,SEMI_EQUIPPED,TO_RENOVATE,2.0
2229,HOUSE,3,387,False,20.0,True,True,225,False,289000.0,HOUSE,7700,Mouscron,INSTALLED,GOOD,2.0
2253,EXCEPTIONAL_PROPERTY,6,250,False,50.0,True,True,513385,True,2500000.0,HOUSE,1950,Kraainem,INSTALLED,TO_RENOVATE,4.0
2316,HOUSE,4,155,False,15.0,True,True,60,False,390000.0,HOUSE,2100,Antwerpen,INSTALLED,GOOD,2.0
2328,VILLA,4,150,True,20.0,True,True,1650,False,275000.0,HOUSE,6987,Rendeux,HYPER_EQUIPPED,AS_NEW,4.0
2330,HOUSE,3,225,False,40.0,True,True,500,False,425000.0,HOUSE,1790,Affligem,INSTALLED,GOOD,3.0
2361,HOUSE,2,115,False,30.0,True,True,150,False,219000.0,HOUSE,7110,Strépy-Bracquegnies,INSTALLED,JUST_RENOVATED,3.0
2376,HOUSE,2,172,False,20.0,True,True,800,False,299000.0,HOUSE,2440,Geel,NOT_INSTALLED,TO_BE_DONE_UP,4.0
2387,HOUSE,3,181,False,15.0,True,True,215,False,350000.0,HOUSE,5000,Namur,NOT_INSTALLED,GOOD,2.0
2409,HOUSE,3,260,False,37.0,True,True,206,False,449000.0,HOUSE,9140,Temse,INSTALLED,GOOD,4.0
2410,HOUSE,4,300,False,1.0,True,True,1,False,350000.0,HOUSE,8830,Hooglede,INSTALLED,GOOD,4.0
2416,VILLA,3,238,True,10.0,True,True,994,False,590000.0,HOUSE,9308,Aalst,INSTALLED,GOOD,4.0
2420,EXCEPTIONAL_PROPERTY,4,154,True,17.0,True,True,600,False,410000.0,HOUSE,5020,Namur,SEMI_EQUIPPED,AS_NEW,4.0
2429,HOUSE,4,202,False,67.0,True,True,350,False,485000.0,HOUSE,2070,Zwijndrecht,INSTALLED,GOOD,4.0
2442,HOUSE,4,180,True,20.0,True,True,490,False,739000.0,HOUSE,1560,Hoeilaart,INSTALLED,JUST_RENOVATED,3.0
2443,HOUSE,5,190,False,15.0,True,True,100,False,750000.0,HOUSE,1150,Woluwe-saint-pierre,USA_INSTALLED,TO_BE_DONE_UP,2.0
2471,HOUSE,3,1200,False,25.0,True,True,800,False,295000.0,HOUSE,7141,Morlanwelz,NOT_INSTALLED,GOOD,4.0
2475,FARMHOUSE,4,224,True,18.0,True,True,800,True,495000.0,HOUSE,4670,Blégny,USA_INSTALLED,GOOD,4.0
2498,HOUSE,4,200,True,18.0,True,True,350,False,599000.0,HOUSE,2540,Hove,INSTALLED,GOOD,3.0
2512,HOUSE,3,140,False,10.0,True,True,110,False,235000.0,HOUSE,7500,Tournai,USA_HYPER_EQUIPPED,AS_NEW,2.0
2544,HOUSE,4,315,False,65.0,True,True,175,False,1150000.0,HOUSE,1200,Woluwe-Saint-Lambert,HYPER_EQUIPPED,AS_NEW,2.0
2554,HOUSE,6,331,False,65.0,True,True,204,False,275000.0,HOUSE,4610,Beyne-Heusay,NOT_INSTALLED,GOOD,3.0
2578,HOUSE,2,109,False,34.0,True,True,150,False,35000.0,HOUSE,4460,Grâce-Hollogne,INSTALLED,GOOD,2.0
2590,VILLA,6,219,False,30.0,True,True,500,False,549000.0,HOUSE,1840,Londerzeel,HYPER_EQUIPPED,AS_NEW,4.0
2596,HOUSE,4,175,False,75.0,True,True,200,False,299000.0,HOUSE,9300,Aalst,USA_HYPER_EQUIPPED,TO_BE_DONE_UP,2.0
2626,HOUSE,5,320,True,40.0,True,True,1300,False,1099000.0,HOUSE,2560,Nijlen,HYPER_EQUIPPED,AS_NEW,4.0
2636,HOUSE,4,210,False,12.0,True,True,63,False,850000.0,HOUSE,1150,Woluwe-Saint-Pierre,SEMI_EQUIPPED,GOOD,2.0
2651,TOWN_HOUSE,3,192,False,9.0,True,True,1,False,395000.0,HOUSE,1600,Leeuw-Saint-Pierre,HYPER_EQUIPPED,GOOD,2.0
2654,EXCEPTIONAL_PROPERTY,6,300,False,10.0,True,True,80,False,1250000.0,HOUSE,1030,Schaerbeek,USA_HYPER_EQUIPPED,AS_NEW,2.0
2661,HOUSE,3,196,False,20.0,True,True,550,False,595000.0,HOUSE,9910,Aalter,HYPER_EQUIPPED,AS_NEW,4.0
2668,BUNGALOW,4,175,True,30.0,True,True,300,False,420000.0,HOUSE,4452,Juprelle,INSTALLED,AS_NEW,4.0
2675,HOUSE,7,294,False,120.0,True,True,2000,False,458000.0,HOUSE,4250,Geer,USA_HYPER_EQUIPPED,AS_NEW,4.0
2688,HOUSE,3,198,True,28.0,True,True,184,False,490000.0,HOUSE,1700,Dilbeek,USA_HYPER_EQUIPPED,AS_NEW,3.0
2691,HOUSE,3,159,False,60.0,True,True,75,False,398000.0,HOUSE,2845,Niel,INSTALLED,AS_NEW,3.0
2700,HOUSE,4,180,False,15.0,True,True,60,False,425000.0,HOUSE,1070,Anderlecht,HYPER_EQUIPPED,AS_NEW,2.0
2704,BUNGALOW,3,115,False,40.0,True,True,494,False,369000.0,HOUSE,1330,Rixensart,INSTALLED,GOOD,4.0
2711,VILLA,4,300,True,1.0,True,True,1,False,619000.0,HOUSE,8520,Kuurne,INSTALLED,JUST_RENOVATED,4.0
2720,HOUSE,3,146,False,13.0,True,True,108,False,298000.0,HOUSE,1500,Halle,INSTALLED,AS_NEW,2.0
2735,TOWN_HOUSE,3,295,True,15.0,True,True,85,False,414000.0,HOUSE,8500,Kortrijk,INSTALLED,AS_NEW,3.0
2737,CHALET,2,48,False,8.0,True,True,245,False,49000.0,HOUSE,5540,Hastière-Lavaux,SEMI_EQUIPPED,GOOD,4.0
2765,HOUSE,6,225,False,25.0,True,True,800,False,174000.0,HOUSE,5502,Dinant,SEMI_EQUIPPED,TO_RENOVATE,2.0
2779,EXCEPTIONAL_PROPERTY,4,400,True,45.0,True,True,500,False,375000.0,HOUSE,6200,Bouffioulx ,HYPER_EQUIPPED,AS_NEW,3.0
2783,VILLA,5,310,False,60.0,True,True,1000,True,980000.0,HOUSE,1850,Grimbergen,USA_HYPER_EQUIPPED,AS_NEW,4.0
2793,HOUSE,3,111,False,40.0,True,True,74,False,349000.0,HOUSE,2845,Niel,HYPER_EQUIPPED,JUST_RENOVATED,2.0
2816,HOUSE,3,209,False,18.0,True,True,240,False,500000.0,HOUSE,9180,Moerbeke,HYPER_EQUIPPED,AS_NEW,3.0
2825,TOWN_HOUSE,3,165,False,12.0,True,True,150,False,485000.0,HOUSE,2650,Edegem,HYPER_EQUIPPED,JUST_RENOVATED,3.0
2844,HOUSE,4,190,False,6.0,True,True,200,False,315000.0,HOUSE,5100,Namur,INSTALLED,JUST_RENOVATED,2.0
2845,HOUSE,4,220,False,22.0,True,True,190,False,410000.0,HOUSE,2460,Kasterlee,INSTALLED,AS_NEW,3.0
2846,HOUSE,4,230,False,28.0,True,True,266,False,400000.0,HOUSE,2390,Malle,INSTALLED,GOOD,3.0
2848,HOUSE,3,140,False,20.0,True,True,315,False,595000.0,HOUSE,9000,Gent,INSTALLED,GOOD,3.0
2849,HOUSE,3,568,False,78.0,True,True,300,False,405000.0,HOUSE,2180,Antwerpen,HYPER_EQUIPPED,AS_NEW,3.0
2850,HOUSE,2,130,False,20.0,True,True,100,False,325000.0,HOUSE,2150,Borsbeek,INSTALLED,GOOD,2.0
2855,VILLA,3,206,True,42.0,True,True,1,False,498000.0,HOUSE,6032,Charleroi,USA_HYPER_EQUIPPED,AS_NEW,4.0
2859,HOUSE,5,190,False,30.0,True,True,270,False,329000.0,HOUSE,9150,Kruibeke,HYPER_EQUIPPED,GOOD,2.0
2861,TOWN_HOUSE,2,140,False,30.0,True,True,450,False,120000.0,HOUSE,4500,Huy,INSTALLED,TO_BE_DONE_UP,2.0
2862,HOUSE,3,265,False,20.0,True,True,251,False,395000.0,HOUSE,9700,Oudenaarde,INSTALLED,JUST_RENOVATED,2.0
2873,HOUSE,4,180,True,15.0,True,True,110,False,725000.0,HOUSE,1200,Woluwe-Saint-Lambert,USA_HYPER_EQUIPPED,JUST_RENOVATED,2.0
2879,HOUSE,5,240,False,6.0,True,True,25,False,850000.0,HOUSE,1000,Bruxelles,USA_INSTALLED,GOOD,2.0
2881,TOWN_HOUSE,4,200,False,15.0,True,True,50,False,845000.0,HOUSE,1000,Brussels,USA_HYPER_EQUIPPED,JUST_RENOVATED,2.0
2883,APARTMENT_BLOCK,7,332,False,80.0,True,True,200,False,435000.0,HOUSE,7140,Morlanwelz,INSTALLED,GOOD,2.0
2884,HOUSE,4,195,False,40.0,True,True,100,False,520000.0,HOUSE,1120,Brussel,SEMI_EQUIPPED,AS_NEW,2.0
2886,HOUSE,2,158,False,23.0,True,True,50,False,195000.0,HOUSE,7100,La Louvière,INSTALLED,JUST_RENOVATED,2.0
2889,HOUSE,4,230,False,16.0,True,True,1200,False,442000.0,HOUSE,3630,Maasmechelen,INSTALLED,GOOD,3.0
2894,HOUSE,2,147,False,12.0,True,True,50,False,239000.0,HOUSE,4032,Liège,HYPER_EQUIPPED,GOOD,2.0
2897,HOUSE,3,130,False,20.0,True,True,270,False,240000.0,HOUSE,4160,Anthisnes,SEMI_EQUIPPED,GOOD,4.0
2899,HOUSE,1,98,False,13.0,True,True,223,False,190000.0,HOUSE,5190,Jemeppe (-sur-sambre),INSTALLED,GOOD,2.0
2902,HOUSE,3,150,False,30.0,True,True,120,False,165000.0,HOUSE,7170,Manage,INSTALLED,TO_BE_DONE_UP,3.0
2908,HOUSE,5,189,False,15.0,True,True,85,False,750000.0,HOUSE,1150,Woluwe-Saint-Pierre,USA_HYPER_EQUIPPED,TO_BE_DONE_UP,2.0
2909,HOUSE,3,227,False,20.0,True,True,200,False,270000.0,HOUSE,7070,Le Roeulx,USA_INSTALLED,GOOD,2.0
2921,HOUSE,2,151,False,20.0,True,True,140,False,295000.0,HOUSE,9200,Dendermonde,INSTALLED,JUST_RENOVATED,4.0
2922,HOUSE,7,300,False,60.0,True,True,800,False,295000.0,HOUSE,6940,Durbuy,USA_INSTALLED,GOOD,4.0
2924,APARTMENT_BLOCK,8,250,False,60.0,True,True,1000,False,950000.0,HOUSE,4500,Huy,INSTALLED,TO_BE_DONE_UP,3.0
2928,HOUSE,3,180,False,18.0,True,True,107,False,389000.0,HOUSE,2900,Schoten,INSTALLED,AS_NEW,1.0
2930,HOUSE,3,134,False,15.0,True,True,45,False,264000.0,HOUSE,8400,Oostende,INSTALLED,GOOD,2.0
2931,HOUSE,4,230,True,45.0,True,True,440,False,495000.0,HOUSE,1601,Leeuw-Saint-Pierre,INSTALLED,GOOD,3.0
2936,HOUSE,3,150,True,25.0,True,True,63,True,515000.0,HOUSE,1330,Rixensart,USA_HYPER_EQUIPPED,AS_NEW,2.0
2937,HOUSE,5,460,True,48.0,True,True,245,False,700000.0,HOUSE,8800,Roeselare,INSTALLED,GOOD,2.0
2956,VILLA,4,268,False,30.0,True,True,1440,False,949000.0,HOUSE,1410,Waterloo,HYPER_EQUIPPED,AS_NEW,4.0
2966,HOUSE,3,167,False,25.0,True,True,300,True,419000.0,HOUSE,2040,BERENDRECHT,SEMI_EQUIPPED,GOOD,4.0
2971,HOUSE,3,110,False,10.0,True,True,50,False,129000.0,HOUSE,8930,Menen,INSTALLED,GOOD,2.0
3019,HOUSE,3,150,False,15.0,True,True,270,False,410000.0,HOUSE,1930,Zaventem,USA_INSTALLED,AS_NEW,3.0
3030,HOUSE,3,181,False,18.0,True,True,600,False,310000.0,HOUSE,4623,Fléron,INSTALLED,TO_BE_DONE_UP,4.0
3038,HOUSE,3,110,False,26.0,True,True,22,False,199500.0,HOUSE,4460,Grace-Hollogne,INSTALLED,AS_NEW,2.0
3039,HOUSE,2,81,False,12.0,True,True,144,False,145000.0,HOUSE,4460,Grace-Hollogne,SEMI_EQUIPPED,TO_BE_DONE_UP,3.0
3040,HOUSE,2,80,False,10.0,True,True,40,False,176000.0,HOUSE,4102,Seraing,INSTALLED,AS_NEW,2.0
3055,HOUSE,3,207,True,30.0,True,True,2000,False,475000.0,HOUSE,3110,Rotselaar,INSTALLED,TO_RENOVATE,4.0
3060,HOUSE,3,170,False,25.0,True,True,90,False,295000.0,HOUSE,9700,Oudenaarde,INSTALLED,AS_NEW,2.0
3061,VILLA,3,230,True,17.0,True,True,300,False,595000.0,HOUSE,1850,Grimbergen,INSTALLED,AS_NEW,4.0
3062,HOUSE,4,165,True,63.0,True,True,300,False,374000.0,HOUSE,1861,Meysse,SEMI_EQUIPPED,GOOD,2.0
3083,HOUSE,5,626,False,30.0,True,True,30,True,2150000.0,HOUSE,3080,Tervuren,HYPER_EQUIPPED,AS_NEW,4.0
3100,HOUSE,4,173,True,44.0,True,True,204,False,430000.0,HOUSE,1420,Braine-l'Alleud,USA_HYPER_EQUIPPED,JUST_RENOVATED,2.0
3104,HOUSE,3,186,False,18.0,True,True,225,False,519000.0,HOUSE,3150,Haacht,HYPER_EQUIPPED,AS_NEW,3.0
3107,HOUSE,2,100,False,1.0,True,True,400,False,225000.0,HOUSE,4400,Flémalle,INSTALLED,GOOD,3.0
3108,HOUSE,6,420,True,40.0,True,True,1000,True,495000.0,HOUSE,5555,Bièvre,INSTALLED,AS_NEW,4.0
3109,HOUSE,2,216,False,76.0,True,True,1292,False,370000.0,HOUSE,6698,Vielsalm,USA_INSTALLED,AS_NEW,4.0
3110,HOUSE,5,315,True,1.0,True,True,1,False,495000.0,HOUSE,1360,Perwez,USA_HYPER_EQUIPPED,GOOD,4.0
3120,HOUSE,4,250,False,10.0,True,True,100,False,385000.0,HOUSE,2800,Mechelen,INSTALLED,AS_NEW,3.0
3133,HOUSE,3,334,True,1.0,True,True,1,False,395000.0,HOUSE,9550,Herzele,INSTALLED,AS_NEW,3.0
3134,HOUSE,3,159,False,105.0,True,True,470,True,350000.0,HOUSE,9420,Erpe-Mere,INSTALLED,AS_NEW,3.0
3140,HOUSE,5,173,False,16.0,True,True,214,False,299000.0,HOUSE,4650,Herve,SEMI_EQUIPPED,AS_NEW,3.0
3160,EXCEPTIONAL_PROPERTY,5,377,False,60.0,True,True,1500,False,1400000.0,HOUSE,1851,Grimbergen,HYPER_EQUIPPED,AS_NEW,4.0
3168,HOUSE,3,126,False,5.0,True,True,235,False,235000.0,HOUSE,5300,Andenne,NOT_INSTALLED,TO_BE_DONE_UP,3.0
3177,HOUSE,3,138,False,20.0,True,True,10,False,339000.0,HOUSE,2020,Antwerp,HYPER_EQUIPPED,AS_NEW,2.0
3206,VILLA,3,157,False,35.0,True,True,215,False,385000.0,HOUSE,9600,Ronse,INSTALLED,GOOD,4.0
3209,VILLA,4,268,False,30.0,True,True,1440,False,949000.0,HOUSE,1420,Braine-l'Alleud,HYPER_EQUIPPED,AS_NEW,4.0
3220,TOWN_HOUSE,5,160,False,20.0,True,True,375,False,385000.0,HOUSE,1420,Braine-l'Alleud,INSTALLED,GOOD,3.0
3245,HOUSE,3,155,False,35.0,True,True,500,False,329000.0,HOUSE,3980,Tessenderlo,INSTALLED,GOOD,3.0
3251,HOUSE,6,200,False,20.0,True,True,200,False,189000.0,HOUSE,4870,Trooz,NOT_INSTALLED,TO_RENOVATE,2.0
3252,HOUSE,3,105,False,17.0,True,True,100,False,209000.0,HOUSE,4870,Trooz,SEMI_EQUIPPED,TO_BE_DONE_UP,2.0
3273,HOUSE,4,280,False,20.0,True,True,1500,False,490000.0,HOUSE,9630,Zwalm,INSTALLED,AS_NEW,4.0
3389,HOUSE,5,225,False,15.0,True,True,90,False,640000.0,HOUSE,3020,Herent,HYPER_EQUIPPED,AS_NEW,3.0
3391,TOWN_HOUSE,3,213,False,25.0,True,True,150,False,380000.0,HOUSE,3500,Hasselt,INSTALLED,AS_NEW,2.0
3392,HOUSE,3,175,False,10.0,True,True,150,False,455000.0,HOUSE,2650,Edegem,INSTALLED,AS_NEW,3.0
3443,HOUSE,5,301,False,54.0,True,True,174,False,550000.0,HOUSE,1930,Zaventem,HYPER_EQUIPPED,AS_NEW,3.0
3452,HOUSE,4,250,True,25.0,True,True,200,False,424000.0,HOUSE,9340,Lede,HYPER_EQUIPPED,AS_NEW,3.0
3454,HOUSE,3,226,False,50.0,True,True,150,True,650000.0,HOUSE,3080,Tervuren,HYPER_EQUIPPED,GOOD,3.0
3457,HOUSE,4,252,False,15.0,True,True,60,False,900000.0,HOUSE,1040,Etterbeek,HYPER_EQUIPPED,AS_NEW,2.0
3473,VILLA,3,218,True,36.0,True,True,250,False,595000.0,HOUSE,9051,Gent,INSTALLED,AS_NEW,4.0
3499,HOUSE,3,173,False,98.0,True,True,98,False,349000.0,HOUSE,3806,Sint-Truiden Velm,INSTALLED,AS_NEW,3.0
3501,VILLA,6,360,False,100.0,True,True,3500,False,895000.0,HOUSE,1495,Villers-la-Ville,INSTALLED,AS_NEW,4.0
3544,VILLA,4,2258,True,120.0,True,True,2258,False,650000.0,HOUSE,1300,Wavre,INSTALLED,AS_NEW,4.0
3552,HOUSE,3,289,False,12.0,True,True,86,False,525000.0,HOUSE,1650,Beersel,HYPER_EQUIPPED,AS_NEW,2.0
3611,HOUSE,3,136,True,14.0,True,True,80,False,299000.0,HOUSE,8200,Sint-Michiels,INSTALLED,TO_BE_DONE_UP,3.0
3619,HOUSE,4,150,True,15.0,True,True,150,False,339000.0,HOUSE,4000,Liège,INSTALLED,AS_NEW,2.0
3726,HOUSE,3,172,False,16.0,True,True,447,False,250000.0,HOUSE,5590,Haversin,INSTALLED,GOOD,2.0
3738,HOUSE,6,285,False,10.0,True,True,250,False,810000.0,HOUSE,3080,Tervuren,INSTALLED,AS_NEW,4.0
3742,BUNGALOW,4,169,True,40.0,True,True,250,False,275000.0,HOUSE,9750,Kruisem,INSTALLED,TO_RENOVATE,4.0
3753,HOUSE,2,520,False,8.0,True,True,370,False,380000.0,HOUSE,3078,Meerbeek,INSTALLED,AS_NEW,4.0
3761,HOUSE,3,125,False,10.0,True,True,60,False,670000.0,HOUSE,1180,Uccle,USA_HYPER_EQUIPPED,AS_NEW,2.0
3780,EXCEPTIONAL_PROPERTY,6,304,False,20.0,True,True,620,False,785000.0,HOUSE,3040,Huldenberg,USA_HYPER_EQUIPPED,AS_NEW,3.0
3785,HOUSE,3,155,False,66.0,True,True,667,False,374000.0,HOUSE,5500,Dinant,HYPER_EQUIPPED,AS_NEW,2.0
3789,HOUSE,3,123,False,20.0,True,True,487,False,174000.0,HOUSE,5540,Hastière,INSTALLED,TO_BE_DONE_UP,4.0
3791,HOUSE,4,165,False,42.0,True,True,1415,False,215000.0,HOUSE,5500,Dinant,SEMI_EQUIPPED,GOOD,4.0
3795,HOUSE,3,178,True,24.0,True,True,400,False,425000.0,HOUSE,3945,Ham,USA_INSTALLED,AS_NEW,4.0
3809,HOUSE,4,182,False,50.0,True,True,1156,False,435000.0,HOUSE,5377,Baillonville,INSTALLED,AS_NEW,4.0
3831,EXCEPTIONAL_PROPERTY,6,345,False,60.0,True,True,620,False,500000.0,HOUSE,7100,La Louvière Haine-Saint-Pierre,HYPER_EQUIPPED,AS_NEW,2.0
3860,HOUSE,6,403,False,40.0,True,True,645,False,420000.0,HOUSE,4040,Herstal,NOT_INSTALLED,TO_RENOVATE,4.0
3869,HOUSE,2,169,False,16.0,True,True,653,False,219000.0,HOUSE,5300,Andenne Bonneville,NOT_INSTALLED,TO_RENOVATE,4.0
3883,APARTMENT_BLOCK,9,340,False,30.0,True,True,355,False,450000.0,HOUSE,6720,Habay,INSTALLED,GOOD,4.0
3898,BUNGALOW,3,118,False,40.0,True,True,334,False,289000.0,HOUSE,4400,Flemalle,USA_SEMI_EQUIPPED,TO_BE_DONE_UP,4.0
3904,HOUSE,4,180,False,20.0,True,True,200,False,275000.0,HOUSE,1400,Nivelles,USA_HYPER_EQUIPPED,GOOD,3.0
3906,HOUSE,4,180,False,20.0,True,True,200,False,275000.0,HOUSE,6230,Pont-à-Celles,USA_HYPER_EQUIPPED,GOOD,3.0
3909,HOUSE,5,170,False,20.0,True,True,150,False,495000.0,HOUSE,1410,Waterloo,HYPER_EQUIPPED,AS_NEW,3.0
3931,HOUSE,4,156,False,10.0,True,True,100,False,735000.0,HOUSE,1200,Woluwe-Saint-Lambert,INSTALLED,GOOD,2.0
3932,HOUSE,5,560,False,47.0,True,True,250,False,1995000.0,HOUSE,1160,Auderghem,HYPER_EQUIPPED,AS_NEW,2.0
3955,HOUSE,4,185,False,35.0,True,True,686,False,479000.0,HOUSE,2460,Tielen,HYPER_EQUIPPED,AS_NEW,4.0
4102,HOUSE,3,244,True,40.0,True,True,1700,False,395000.0,HOUSE,6223,Fleurus,INSTALLED,JUST_RENOVATED,4.0
4121,HOUSE,3,130,False,28.0,True,True,1,False,385000.0,HOUSE,8400,Oostende,INSTALLED,AS_NEW,2.0
4130,HOUSE,4,130,False,15.0,True,True,200,False,135000.0,HOUSE,6030,Charleroi Goutroux,NOT_INSTALLED,TO_BE_DONE_UP,2.0
4140,HOUSE,3,155,False,13.0,True,True,155,False,295000.0,HOUSE,9140,Temse,INSTALLED,JUST_RENOVATED,3.0
4166,VILLA,5,250,False,80.0,True,True,460,False,1050000.0,HOUSE,1785,Merchtem,HYPER_EQUIPPED,AS_NEW,4.0
4188,HOUSE,4,161,True,45.0,True,True,300,False,398000.0,HOUSE,1410,Waterloo,INSTALLED,AS_NEW,2.0
4203,HOUSE,5,391,False,50.0,True,True,1413,False,565000.0,HOUSE,6900,Waha,USA_HYPER_EQUIPPED,AS_NEW,4.0
4226,EXCEPTIONAL_PROPERTY,3,155,False,20.0,True,True,290,True,360000.0,HOUSE,4500,Huy,INSTALLED,GOOD,3.0
4228,HOUSE,3,160,False,50.0,True,True,600,False,320000.0,HOUSE,6180,Courcelles,USA_INSTALLED,GOOD,4.0
4229,HOUSE,3,155,False,20.0,True,True,290,True,360000.0,HOUSE,4500,Huy,INSTALLED,GOOD,3.0
4241,EXCEPTIONAL_PROPERTY,5,500,False,64.0,True,True,7240,True,1650000.0,HOUSE,6700,Arlon Bonnert,USA_HYPER_EQUIPPED,AS_NEW,4.0
4263,HOUSE,3,187,False,1.0,True,True,1,False,267500.0,HOUSE,8870,Izegem,USA_HYPER_EQUIPPED,AS_NEW,3.0
4270,HOUSE,3,98,False,24.0,True,True,63,False,249000.0,HOUSE,2850,Boom,INSTALLED,GOOD,2.0
4298,BUNGALOW,3,200,True,1.0,True,True,1000,False,399000.0,HOUSE,8830,Hooglede,INSTALLED,GOOD,4.0
4317,HOUSE,2,131,False,23.0,True,True,107,False,155000.0,HOUSE,4800,Petit-rechain,SEMI_EQUIPPED,TO_BE_DONE_UP,3.0
4337,VILLA,5,340,False,1.0,True,True,1,True,1250000.0,HOUSE,1640,Rhode-Saint-Genèse,HYPER_EQUIPPED,AS_NEW,4.0
4365,HOUSE,3,1802,False,1.0,True,True,1,False,220000.0,HOUSE,6200,Châtelet,USA_INSTALLED,JUST_RENOVATED,2.0
4384,HOUSE,3,110,False,30.0,True,True,180,False,349000.0,HOUSE,1742,Sint-Katherina-Lombeek,INSTALLED,TO_BE_DONE_UP,3.0
4385,EXCEPTIONAL_PROPERTY,4,250,True,44.0,True,True,846,True,495000.0,HOUSE,4802,Verviers,INSTALLED,AS_NEW,4.0
4387,HOUSE,3,173,False,25.0,True,True,400,False,410000.0,HOUSE,9960,Assenede,HYPER_EQUIPPED,AS_NEW,3.0
4405,MIXED_USE_BUILDING,5,347,False,20.0,True,True,100,False,529000.0,HOUSE,1880,Kapelle-op-den-Bos,INSTALLED,GOOD,2.0
4428,HOUSE,3,137,False,60.0,True,True,50,False,495000.0,HOUSE,1083,Ganshoren,INSTALLED,AS_NEW,2.0
4440,HOUSE,5,160,False,25.0,True,True,195,False,155000.0,HOUSE,4102,Seraing Ougrée,SEMI_EQUIPPED,TO_BE_DONE_UP,2.0
4441,VILLA,3,131,False,30.0,True,True,2035,False,335000.0,HOUSE,5560,Houyet (Wanlin),INSTALLED,GOOD,4.0
4456,HOUSE,4,180,False,16.0,True,True,50,False,269000.0,HOUSE,2870,Breendonk,INSTALLED,TO_BE_DONE_UP,3.0
4488,MANOR_HOUSE,6,296,False,30.0,True,True,2500,True,990000.0,HOUSE,6661,Tailles,USA_HYPER_EQUIPPED,AS_NEW,4.0
4492,HOUSE,3,140,False,5.0,True,True,65,False,179000.0,HOUSE,7170,Manage,INSTALLED,GOOD,2.0
4493,HOUSE,2,155,False,30.0,True,True,60,False,159999.0,HOUSE,6040,Jumet,SEMI_EQUIPPED,TO_RENOVATE,3.0
4512,HOUSE,4,157,False,35.0,True,True,1030,False,179000.0,HOUSE,4219,Ambresin,NOT_INSTALLED,TO_RENOVATE,4.0
4513,HOUSE,3,225,False,28.0,True,True,690,False,390000.0,HOUSE,4280,Hannut Thisnes,SEMI_EQUIPPED,GOOD,4.0
4516,HOUSE,2,180,False,16.0,True,True,150,False,399000.0,HOUSE,2500,Lier,HYPER_EQUIPPED,GOOD,3.0
4517,VILLA,4,210,False,105.0,True,True,2180,True,645000.0,HOUSE,1450,Saint-Géry (Chastre),SEMI_EQUIPPED,GOOD,4.0
4522,APARTMENT_BLOCK,5,190,False,8.0,True,True,32,False,510000.0,HOUSE,1030,Schaerbeek,INSTALLED,GOOD,2.0
4524,HOUSE,2,70,False,7.0,True,True,250,False,109000.0,HOUSE,4870,Trooz,NOT_INSTALLED,TO_RENOVATE,3.0
4528,APARTMENT_BLOCK,5,285,False,30.0,True,True,80,False,695000.0,HOUSE,1040,Etterbeek,INSTALLED,TO_BE_DONE_UP,2.0
4529,HOUSE,5,285,False,30.0,True,True,80,False,695000.0,HOUSE,1040,Etterbeek,INSTALLED,TO_BE_DONE_UP,2.0
4538,BUNGALOW,2,139,False,20.0,True,True,450,False,348800.0,HOUSE,9800,Deinze,INSTALLED,GOOD,4.0
4562,VILLA,3,190,False,30.0,True,True,1238,False,459000.0,HOUSE,4122,Neupre,HYPER_EQUIPPED,AS_NEW,4.0
4598,HOUSE,4,150,False,52.0,True,True,800,False,275000.0,HOUSE,4250,Geer Lens-Saint-Servais,INSTALLED,AS_NEW,4.0
4599,HOUSE,3,195,False,46.0,True,True,1910,False,310000.0,HOUSE,4280,Hannut Lens-Saint-Remy,INSTALLED,GOOD,3.0
4680,HOUSE,5,231,True,115.0,True,True,410,False,590000.0,HOUSE,3190,Boortmeerbeek,INSTALLED,AS_NEW,4.0
4681,HOUSE,3,135,False,18.0,True,True,130,False,238000.0,HOUSE,8500,Kortrijk,HYPER_EQUIPPED,GOOD,2.0
4694,VILLA,4,200,True,19.0,True,True,4400,False,535000.0,HOUSE,3090,Overijse,SEMI_EQUIPPED,TO_BE_DONE_UP,4.0
4706,HOUSE,3,160,True,10.0,True,True,400,False,425000.0,HOUSE,3110,Rotselaar,SEMI_EQUIPPED,GOOD,4.0
4708,COUNTRY_COTTAGE,4,316,False,14.0,True,True,700,False,395000.0,HOUSE,3300,Tienen,INSTALLED,TO_BE_DONE_UP,4.0
4709,HOUSE,4,187,False,19.0,True,True,135,False,695000.0,HOUSE,1200,Woluwe-Saint-Lambert,HYPER_EQUIPPED,GOOD,3.0
4713,HOUSE,3,162,True,34.0,True,True,200,False,575000.0,HOUSE,2930,Brasschaat,INSTALLED,AS_NEW,3.0
4751,HOUSE,2,181,False,26.0,True,True,322,False,375000.0,HOUSE,8520,Kuurne,INSTALLED,TO_BE_DONE_UP,3.0
4754,TOWN_HOUSE,3,245,False,5.0,True,True,133,False,335000.0,HOUSE,3300,Tienen,INSTALLED,GOOD,2.0
4770,HOUSE,3,148,False,21.0,True,True,65,False,395000.0,HOUSE,2900,Schoten,HYPER_EQUIPPED,AS_NEW,2.0
4774,HOUSE,4,107,True,18.0,True,True,409,False,447000.0,HOUSE,2160,Wommelgem,INSTALLED,TO_BE_DONE_UP,4.0
4779,HOUSE,4,250,True,20.0,True,True,60,False,675000.0,HOUSE,9000,Gent,INSTALLED,AS_NEW,2.0
4796,HOUSE,3,160,False,14.0,True,True,58,False,330000.0,HOUSE,8900,Ieper,HYPER_EQUIPPED,AS_NEW,2.0
4844,HOUSE,3,114,False,13.0,True,True,450,False,295000.0,HOUSE,1495,Villers-la-Ville,INSTALLED,JUST_RENOVATED,2.0
4863,HOUSE,3,280,False,15.0,True,True,60,False,249900.0,HOUSE,6041,Charleroi Gosselies,USA_HYPER_EQUIPPED,AS_NEW,2.0
4886,HOUSE,4,141,False,25.0,True,True,2022,False,349000.0,HOUSE,4970,Stavelot,SEMI_EQUIPPED,GOOD,4.0
4912,EXCEPTIONAL_PROPERTY,4,500,False,40.0,True,True,16000,True,1295000.0,HOUSE,1420,Braine-l'Alleud,HYPER_EQUIPPED,GOOD,4.0
4914,EXCEPTIONAL_PROPERTY,4,524,False,40.0,True,True,16000,True,1295000.0,HOUSE,1460,Ittre,HYPER_EQUIPPED,GOOD,4.0
4915,EXCEPTIONAL_PROPERTY,4,500,False,40.0,True,True,16000,True,1295000.0,HOUSE,1440,Braine-le-ChÃteau,HYPER_EQUIPPED,GOOD,4.0
4932,HOUSE,4,240,True,1.0,True,True,1,False,239000.0,HOUSE,7320,Bernissart,USA_INSTALLED,AS_NEW,2.0
4933,VILLA,3,200,True,25.0,True,True,1000,False,630000.0,HOUSE,1325,Chaumont-Gistoux,USA_HYPER_EQUIPPED,AS_NEW,4.0
4937,HOUSE,3,570,False,30.0,True,True,500,False,450000.0,HOUSE,9750,Kruisem,INSTALLED,AS_NEW,4.0
4942,HOUSE,4,200,True,1.0,True,True,400,False,699000.0,HOUSE,1180,Uccle,USA_HYPER_EQUIPPED,TO_BE_DONE_UP,3.0
4959,HOUSE,3,155,False,1.0,True,True,1,False,379000.0,HOUSE,9060,Zelzate,HYPER_EQUIPPED,JUST_RENOVATED,3.0
4962,HOUSE,3,180,False,170.0,True,True,450,False,299000.0,HOUSE,3380,Glabbeek,HYPER_EQUIPPED,GOOD,4.0
4964,HOUSE,3,180,False,20.0,True,True,500,False,370000.0,HOUSE,9290,Overmere,INSTALLED,TO_RENOVATE,4.0
4966,VILLA,3,198,False,28.0,True,True,789,False,495000.0,HOUSE,1440,Braine-le-Château,USA_HYPER_EQUIPPED,JUST_RENOVATED,4.0
4981,HOUSE,3,122,False,32.0,True,True,211,False,215000.0,HOUSE,4032,Liège Chênée,INSTALLED,GOOD,2.0
4992,HOUSE,3,155,False,16.0,True,True,687,False,235000.0,HOUSE,3582,Beringen,INSTALLED,TO_RENOVATE,4.0
5013,HOUSE,3,309,False,100.0,True,True,3600,False,699000.0,HOUSE,8830,Gits,INSTALLED,GOOD,4.0
5026,HOUSE,3,257,False,40.0,True,True,101,False,409000.0,HOUSE,9200,Dendermonde,INSTALLED,AS_NEW,2.0
5039,VILLA,5,240,False,80.0,True,True,506,False,1350000.0,HOUSE,1970,Wezembeek-Oppem,USA_HYPER_EQUIPPED,AS_NEW,4.0
5053,HOUSE,4,225,False,50.0,True,True,400,True,498000.0,HOUSE,2340,Beerse,INSTALLED,GOOD,4.0
5068,HOUSE,3,220,True,35.0,True,True,800,False,645000.0,HOUSE,6780,Wolkrange,USA_HYPER_EQUIPPED,AS_NEW,4.0
5096,HOUSE,4,172,False,21.0,True,True,200,False,399000.0,HOUSE,6700,Arlon,INSTALLED,TO_BE_DONE_UP,4.0
5103,HOUSE,3,235,False,10.0,True,True,200,False,345000.0,HOUSE,3320,Hoegaarden,SEMI_EQUIPPED,TO_RENOVATE,3.0
5104,HOUSE,4,200,False,20.0,True,True,355,False,249000.0,HOUSE,3400,Landen Ezemaal,USA_SEMI_EQUIPPED,TO_BE_DONE_UP,3.0
5105,HOUSE,5,500,False,100.0,True,True,950,True,1495000.0,HOUSE,7700,Mouscron,HYPER_EQUIPPED,AS_NEW,4.0
5111,BUNGALOW,3,110,False,10.0,True,True,700,False,525000.0,HOUSE,1970,Wezembeek-Oppem,HYPER_EQUIPPED,AS_NEW,4.0
5127,HOUSE,3,192,False,22.0,True,True,124,False,259000.0,HOUSE,4030,GRIVEGNEE,INSTALLED,AS_NEW,2.0
5163,HOUSE,3,116,False,24.0,True,True,23,False,165000.0,HOUSE,4040,Herstal,SEMI_EQUIPPED,GOOD,2.0
5165,HOUSE,4,197,False,7.0,True,True,663,False,335000.0,HOUSE,4690,©ben-©mael,NOT_INSTALLED,TO_BE_DONE_UP,4.0
5169,HOUSE,4,171,False,14.0,True,True,20,False,665000.0,HOUSE,9000,Gent,USA_INSTALLED,JUST_RENOVATED,2.0
5171,HOUSE,1,183,False,30.0,True,True,700,False,289000.0,HOUSE,7911,Hacquegnies,INSTALLED,GOOD,4.0
5186,BUNGALOW,3,145,False,60.0,True,True,380,False,329000.0,HOUSE,9451,Haaltert,INSTALLED,GOOD,3.0
5187,HOUSE,4,182,False,20.0,True,True,300,False,225000.0,HOUSE,6141,Forchies-la-Marche,USA_HYPER_EQUIPPED,AS_NEW,2.0
5195,HOUSE,4,140,False,35.0,True,True,1500,False,398000.0,HOUSE,6792,Aubange Rachecourt,NOT_INSTALLED,GOOD,3.0
5197,HOUSE,2,145,False,140.0,True,True,140,False,309500.0,HOUSE,4684,Oupeye,INSTALLED,AS_NEW,4.0
5198,HOUSE,4,174,False,12.0,True,True,90,False,169000.0,HOUSE,4020,Liege,SEMI_EQUIPPED,GOOD,2.0
5199,VILLA,8,650,False,60.0,True,True,1300,True,1000000.0,HOUSE,1457,Walhain Nil-Saint-Vincent-Saint-Martin,USA_HYPER_EQUIPPED,AS_NEW,4.0
5215,HOUSE,4,145,False,30.0,True,True,190,False,500000.0,HOUSE,1200,Woluwe-Saint-Lambert,SEMI_EQUIPPED,GOOD,3.0
5221,HOUSE,4,215,False,52.0,True,True,103,False,330000.0,HOUSE,6180,Courcelles,HYPER_EQUIPPED,AS_NEW,2.0
5223,HOUSE,3,201,False,9.0,True,True,77,False,549000.0,HOUSE,1140,Evere,USA_HYPER_EQUIPPED,GOOD,2.0
5287,HOUSE,2,126,False,20.0,True,True,700,False,239500.0,HOUSE,8980,Zonnebeke,INSTALLED,TO_BE_DONE_UP,4.0
5313,HOUSE,4,240,True,1.0,True,True,1,False,558000.0,HOUSE,9290,Berlare,USA_HYPER_EQUIPPED,JUST_RENOVATED,3.0
5314,HOUSE,4,234,False,1.0,True,True,120,False,498000.0,HOUSE,2950,Kapellen,INSTALLED,AS_NEW,2.0
5379,HOUSE,5,340,True,20.0,True,True,800,False,440000.0,HOUSE,4470,Saint-Georges-sur-Meuse,HYPER_EQUIPPED,GOOD,3.0
5441,HOUSE,3,90,False,6.0,True,True,60,False,305000.0,HOUSE,2180,Antwerpen,INSTALLED,GOOD,2.0
5458,VILLA,5,310,False,100.0,True,True,350,False,690000.0,HOUSE,1480,Tubize,USA_HYPER_EQUIPPED,AS_NEW,4.0
5485,HOUSE,4,237,False,14.0,True,True,75,False,470000.0,HOUSE,1160,Auderghem,SEMI_EQUIPPED,TO_BE_DONE_UP,2.0
5513,HOUSE,3,155,False,20.0,True,True,40,False,455000.0,HOUSE,9000,Gent,USA_HYPER_EQUIPPED,AS_NEW,2.0
5534,HOUSE,3,225,False,35.0,True,True,540,False,329000.0,HOUSE,9400,Ninove,HYPER_EQUIPPED,JUST_RENOVATED,3.0
5538,HOUSE,4,178,False,51.0,True,True,562,False,249000.0,HOUSE,1350,Marilles,SEMI_EQUIPPED,GOOD,3.0
5546,HOUSE,2,102,False,20.0,True,True,130,False,129000.0,HOUSE,7700,Mouscron,SEMI_EQUIPPED,TO_BE_DONE_UP,2.0
5547,HOUSE,3,150,False,35.0,True,True,450,False,335000.0,HOUSE,3580,Beringen,HYPER_EQUIPPED,AS_NEW,3.0
5555,VILLA,2,140,False,11.0,True,True,144,False,395000.0,HOUSE,8430,Middelkerke,INSTALLED,GOOD,4.0
5558,BUNGALOW,2,149,False,25.0,True,True,175,False,275000.0,HOUSE,4870,Trooz,USA_INSTALLED,GOOD,3.0
5581,EXCEPTIONAL_PROPERTY,4,335,False,140.0,True,True,615,True,1085000.0,HOUSE,1390,Grez-Doiceau,USA_HYPER_EQUIPPED,JUST_RENOVATED,4.0
5591,HOUSE,5,222,False,12.0,True,True,60,False,750000.0,HOUSE,1040,Etterbeek,INSTALLED,GOOD,2.0
5606,HOUSE,4,205,False,1.0,True,True,1,False,550000.0,HOUSE,2530,Boechout,INSTALLED,AS_NEW,4.0
5613,MIXED_USE_BUILDING,5,438,True,1.0,True,True,1,False,615000.0,HOUSE,9820,Merelbeke,INSTALLED,AS_NEW,5.0
5620,HOUSE,6,275,False,25.0,True,True,250,False,945000.0,HOUSE,1950,Kraainem,SEMI_EQUIPPED,GOOD,3.0
5697,COUNTRY_COTTAGE,1,160,False,20.0,True,True,9,False,285000.0,HOUSE,7090,Braine-le-Comte,INSTALLED,JUST_RENOVATED,2.0
5718,HOUSE,4,145,False,48.0,True,True,274,False,345000.0,HOUSE,8530,Harelbeke,INSTALLED,JUST_RENOVATED,2.0
5721,VILLA,3,170,False,40.0,True,True,400,True,395000.0,HOUSE,6230,Pont-a-Celles,INSTALLED,GOOD,4.0
5729,HOUSE,4,258,True,16.0,True,True,64,False,990000.0,HOUSE,1200,Woluwe-Saint-Lambert,INSTALLED,GOOD,2.0
5779,HOUSE,3,108,False,15.0,True,True,57,False,220000.0,HOUSE,4800,Verviers,INSTALLED,GOOD,2.0
5802,HOUSE,3,150,False,25.0,True,True,125,False,270000.0,HOUSE,6760,Virton,INSTALLED,AS_NEW,4.0
5814,HOUSE,2,117,False,36.0,True,True,16,False,249500.0,HOUSE,9051,Gent Sint-Denijs-Westrem,NOT_INSTALLED,TO_BE_DONE_UP,2.0
5829,MIXED_USE_BUILDING,4,300,False,85.0,True,True,240,False,595000.0,HOUSE,3700,Tongeren,USA_HYPER_EQUIPPED,AS_NEW,2.0
5834,HOUSE,4,185,False,56.0,True,True,264,False,265000.0,HOUSE,7180,Seneffe,NOT_INSTALLED,GOOD,2.0
5846,MIXED_USE_BUILDING,3,210,False,32.0,True,True,250,False,139000.0,HOUSE,4870,Trooz,NOT_INSTALLED,TO_RENOVATE,2.0
5847,HOUSE,3,89,False,16.0,True,True,84,False,225000.0,HOUSE,4000,Liege,NOT_INSTALLED,GOOD,2.0
5848,HOUSE,2,140,False,23.0,True,True,50,False,35000.0,HOUSE,4870,Trooz,USA_INSTALLED,GOOD,2.0
5874,HOUSE,4,127,False,11.0,True,True,18,False,130000.0,HOUSE,6240,Farciennes,NOT_INSTALLED,TO_RENOVATE,2.0
5877,APARTMENT_BLOCK,7,450,False,15.0,True,True,30,False,1860000.0,HOUSE,1050,Ixelles,USA_HYPER_EQUIPPED,AS_NEW,2.0
5998,HOUSE,5,240,False,1.0,True,True,1,False,545000.0,HOUSE,8610,Zarren,INSTALLED,JUST_RENOVATED,2.0
6015,HOUSE,3,200,False,30.0,True,True,150,False,370000.0,HOUSE,9950,Lievegem,INSTALLED,JUST_RENOVATED,2.0
6016,FARMHOUSE,3,270,True,1.0,True,True,400,False,690000.0,HOUSE,7061,Casteau,SEMI_EQUIPPED,AS_NEW,4.0
6022,HOUSE,3,115,True,25.0,True,True,856,False,303000.0,HOUSE,8560,Wevelgem,INSTALLED,TO_RENOVATE,3.0
6031,HOUSE,2,132,False,1.0,True,True,60,False,389000.0,HOUSE,2540,Hove,INSTALLED,AS_NEW,2.0
6060,HOUSE,3,138,True,12.0,True,True,460,False,445000.0,HOUSE,9920,Lievegem,INSTALLED,GOOD,4.0
6071,HOUSE,2,120,True,28.0,True,True,120,False,349000.0,HOUSE,2610,Antwerpen,HYPER_EQUIPPED,GOOD,2.0
6079,HOUSE,5,325,False,20.0,True,True,150,False,1085000.0,HOUSE,1180,Uccle,INSTALLED,TO_BE_DONE_UP,2.0
6086,HOUSE,4,280,False,20.0,True,True,250,False,450000.0,HOUSE,1410,Waterloo,INSTALLED,AS_NEW,3.0
6087,HOUSE,4,165,False,80.0,True,True,300,False,235000.0,HOUSE,6140,Fontaine-l'Eveque,SEMI_EQUIPPED,GOOD,2.0
6089,HOUSE,3,339,False,16.0,True,True,500,False,800000.0,HOUSE,1410,Waterloo,USA_HYPER_EQUIPPED,AS_NEW,3.0
6111,MIXED_USE_BUILDING,3,155,False,18.0,True,True,400,False,480000.0,HOUSE,9200,Dendermonde,INSTALLED,JUST_RENOVATED,2.0
6131,VILLA,4,200,False,20.0,True,True,5223,False,399000.0,HOUSE,6671,Bovigny,INSTALLED,AS_NEW,4.0
6177,HOUSE,7,292,False,17.0,True,True,359,False,349000.0,HOUSE,6940,Durbuy Barvaux-sur-Ourthe,SEMI_EQUIPPED,GOOD,3.0
6232,FARMHOUSE,4,174,False,35.0,True,True,2300,False,375000.0,HOUSE,4260,Braives Villeen-Hesbaye,INSTALLED,AS_NEW,3.0
6250,HOUSE,4,140,False,50.0,True,True,100,False,480000.0,HOUSE,9820,Merelbeke,INSTALLED,AS_NEW,3.0
6256,VILLA,4,320,False,26.0,True,True,378,False,775000.0,HOUSE,3210,Lubbeek,INSTALLED,AS_NEW,6.0
6274,BUNGALOW,2,105,False,15.0,True,True,200,False,320000.0,HOUSE,1400,Nivelles,SEMI_EQUIPPED,TO_RENOVATE,4.0
6278,HOUSE,4,194,False,50.0,True,True,2000,False,825000.0,HOUSE,9630,Zwalm,INSTALLED,GOOD,3.0
6279,HOUSE,3,142,False,10.0,True,True,140,False,295000.0,HOUSE,9170,Sint-pauwels,INSTALLED,AS_NEW,3.0
6321,HOUSE,3,147,False,17.0,True,True,75,False,268000.0,HOUSE,9200,Dendermonde,INSTALLED,GOOD,2.0
6324,HOUSE,5,288,True,20.0,True,True,1257,True,385000.0,HOUSE,6220,Fleurus,INSTALLED,AS_NEW,4.0
6356,HOUSE,2,148,False,35.0,True,True,145,False,249000.0,HOUSE,9600,Ronse,INSTALLED,JUST_RENOVATED,2.0
6392,HOUSE,4,175,False,26.0,True,True,26,False,375000.0,HOUSE,2500,Lier,INSTALLED,JUST_RENOVATED,1.0
6399,VILLA,3,165,True,12.0,True,True,2300,False,465000.0,HOUSE,5140,Sombreffe,INSTALLED,AS_NEW,4.0
6403,TOWN_HOUSE,6,300,False,15.0,True,True,65,False,550000.0,HOUSE,1090,Jette,HYPER_EQUIPPED,TO_BE_DONE_UP,2.0
6408,HOUSE,4,160,False,25.0,True,True,300,False,219000.0,HOUSE,9600,Ronse,HYPER_EQUIPPED,GOOD,2.0
6415,CHALET,2,63,False,15.0,True,True,320,False,195000.0,HOUSE,6800,Libramont-Chevigny Freux,SEMI_EQUIPPED,AS_NEW,4.0
6428,HOUSE,3,192,False,32.0,True,True,104,False,445000.0,HOUSE,9150,Kruibeke,INSTALLED,AS_NEW,2.0
6448,HOUSE,3,267,False,57.0,True,True,1300,False,349500.0,HOUSE,3400,Landen,INSTALLED,JUST_RENOVATED,2.0
6456,HOUSE,2,90,False,12.0,True,True,200,False,280000.0,HOUSE,6791,Aubange,INSTALLED,AS_NEW,2.0
6457,HOUSE,4,204,False,20.0,True,True,300,False,545000.0,HOUSE,1700,Dilbeek,INSTALLED,AS_NEW,3.0
6463,HOUSE,3,180,False,64.0,True,True,350,False,625000.0,HOUSE,9800,Astene,HYPER_EQUIPPED,AS_NEW,4.0
6477,HOUSE,5,200,False,7.0,True,True,47,False,690000.0,HOUSE,1200,Woluwe-Saint-Lambert,USA_INSTALLED,AS_NEW,2.0
6478,HOUSE,4,144,False,14.0,True,True,120,False,189500.0,HOUSE,4031,Liège Angleur,SEMI_EQUIPPED,TO_BE_DONE_UP,2.0
6490,HOUSE,4,200,False,100.0,True,True,2000,True,349000.0,HOUSE,7334,Saint-Ghislain,INSTALLED,GOOD,4.0
6493,VILLA,2,138,False,30.0,True,True,400,False,315000.0,HOUSE,7811,Ath,USA_INSTALLED,JUST_RENOVATED,4.0
6505,EXCEPTIONAL_PROPERTY,7,650,False,60.0,True,True,70000,False,2600000.0,HOUSE,1980,Zemst,HYPER_EQUIPPED,GOOD,4.0
6506,EXCEPTIONAL_PROPERTY,5,482,False,80.0,True,True,6500,True,2300000.0,HOUSE,1850,Grimbergen,HYPER_EQUIPPED,GOOD,4.0
6507,HOUSE,3,140,True,40.0,True,True,104,False,450000.0,HOUSE,2840,Reet,USA_HYPER_EQUIPPED,JUST_RENOVATED,3.0
6510,TOWN_HOUSE,4,153,False,9.0,True,True,300,False,380000.0,HOUSE,1420,Braine-l'Alleud,INSTALLED,GOOD,3.0
6513,HOUSE,3,265,False,25.0,True,True,60,False,310000.0,HOUSE,8560,Wevelgem,INSTALLED,AS_NEW,2.0
6515,HOUSE,3,170,False,35.0,True,True,50,False,395000.0,HOUSE,9320,Alost,INSTALLED,GOOD,2.0
6519,EXCEPTIONAL_PROPERTY,4,210,True,60.0,True,True,700,False,765000.0,HOUSE,1440,Braine-le-Château,HYPER_EQUIPPED,AS_NEW,4.0
6530,HOUSE,3,180,False,50.0,True,True,154,False,379000.0,HOUSE,2300,Turnhout,INSTALLED,JUST_RENOVATED,2.0
6549,HOUSE,5,357,False,1.0,True,True,840,False,790000.0,HOUSE,2550,Kontich,INSTALLED,AS_NEW,4.0
6554,HOUSE,5,340,False,60.0,True,True,3000,True,569000.0,HOUSE,4218,Héron,INSTALLED,AS_NEW,4.0
6557,HOUSE,2,90,True,12.0,True,True,50,False,130000.0,HOUSE,4170,Comblain-au-Pont,USA_SEMI_EQUIPPED,GOOD,2.0
6558,VILLA,4,228,False,70.0,True,True,2700,False,375000.0,HOUSE,3440,Zoutleeuw,INSTALLED,AS_NEW,4.0
6565,HOUSE,3,220,False,16.0,True,True,50,False,260000.0,HOUSE,6150,Anderlues,INSTALLED,AS_NEW,2.0
6569,TOWN_HOUSE,4,210,True,8.0,True,True,35,False,510000.0,HOUSE,1070,Anderlecht,INSTALLED,AS_NEW,2.0
6570,HOUSE,4,150,False,48.0,True,True,380,False,375000.0,HOUSE,4400,Flémalle,INSTALLED,GOOD,3.0
6573,HOUSE,2,150,False,20.0,True,True,20,False,224000.0,HOUSE,7860,Lessines,INSTALLED,AS_NEW,3.0
6592,BUNGALOW,4,188,False,32.0,True,True,170,False,279500.0,HOUSE,4820,Dison,HYPER_EQUIPPED,GOOD,4.0
6637,EXCEPTIONAL_PROPERTY,3,195,False,19.0,True,True,665,False,495000.0,HOUSE,9170,Meerdonk,INSTALLED,AS_NEW,4.0
6642,HOUSE,3,100,False,30.0,True,True,65,False,169500.0,HOUSE,4100,Seraing,SEMI_EQUIPPED,GOOD,3.0
6653,HOUSE,3,225,False,30.0,True,True,800,False,520000.0,HOUSE,2160,Wommelgem,INSTALLED,TO_RENOVATE,4.0
6673,COUNTRY_COTTAGE,4,235,False,25.0,True,True,570,False,485000.0,HOUSE,2560,Nijlen,INSTALLED,GOOD,4.0
6674,VILLA,6,300,True,20.0,True,True,2000,False,790000.0,HOUSE,1560,Hoeilaart,INSTALLED,AS_NEW,3.0
6683,TOWN_HOUSE,3,200,True,20.0,True,True,95,False,820000.0,HOUSE,1200,Woluwe-Saint-Lambert,HYPER_EQUIPPED,AS_NEW,2.0
6684,HOUSE,4,230,False,1.0,True,True,1,True,498000.0,HOUSE,2440,Geel,INSTALLED,AS_NEW,3.0
6690,HOUSE,2,129,True,13.0,True,True,148,False,349000.0,HOUSE,1420,Braine-l'Alleud,HYPER_EQUIPPED,JUST_RENOVATED,3.0
6706,APARTMENT_BLOCK,4,440,True,40.0,True,True,8,False,1270000.0,HOUSE,1180,Uccle,USA_SEMI_EQUIPPED,GOOD,2.0
6718,HOUSE,3,180,True,25.0,True,True,600,False,225000.0,HOUSE,5537,Anhée,USA_INSTALLED,AS_NEW,4.0
6731,HOUSE,2,190,True,100.0,True,True,600,False,469000.0,HOUSE,2240,Zandhoven,USA_INSTALLED,AS_NEW,4.0
6732,VILLA,5,240,False,20.0,True,True,400,False,585000.0,HOUSE,1410,Waterloo,HYPER_EQUIPPED,AS_NEW,4.0
6736,FARMHOUSE,4,230,False,100.0,True,True,3600,False,685000.0,HOUSE,1440,Braine-le-Chateau,INSTALLED,GOOD,4.0
6739,HOUSE,3,225,False,45.0,True,True,836,False,425000.0,HOUSE,2490,Balen,INSTALLED,AS_NEW,6.0
6743,HOUSE,3,170,False,35.0,True,True,25,False,175000.0,HOUSE,6200,Chatelet,INSTALLED,AS_NEW,3.0
6748,HOUSE,4,225,True,10.0,True,True,2300,False,525000.0,HOUSE,1435,Mont-Saint-Guibert,SEMI_EQUIPPED,GOOD,4.0
6754,VILLA,3,245,False,33.0,True,True,900,False,720000.0,HOUSE,3140,Keerbergen,HYPER_EQUIPPED,AS_NEW,4.0
6755,HOUSE,3,257,True,24.0,True,True,1050,False,615000.0,HOUSE,3202,Aarschot,HYPER_EQUIPPED,AS_NEW,3.0
6762,HOUSE,3,222,True,1.0,True,True,600,False,390000.0,HOUSE,2431,Laakdal,INSTALLED,JUST_RENOVATED,4.0
6770,HOUSE,4,323,True,55.0,True,True,250,False,769000.0,HOUSE,3070,Kortenberg,USA_HYPER_EQUIPPED,AS_NEW,3.0
6772,HOUSE,3,135,False,25.0,True,True,102,False,259000.0,HOUSE,4631,©vegnée-tignée,INSTALLED,AS_NEW,2.0
6773,HOUSE,3,111,False,17.0,True,True,112,False,190000.0,HOUSE,4800,Ensival,SEMI_EQUIPPED,GOOD,2.0
6784,BUNGALOW,3,194,False,16.0,True,True,300,False,435000.0,HOUSE,1840,Londerzeel,INSTALLED,GOOD,4.0
6787,APARTMENT_BLOCK,3,210,False,13.0,True,True,70,False,445000.0,HOUSE,1030,Schaerbeek,SEMI_EQUIPPED,TO_RENOVATE,2.0
6788,HOUSE,4,315,False,200.0,True,True,1000,False,1490000.0,HOUSE,1150,Woluwe-Saint-Pierre,INSTALLED,TO_BE_DONE_UP,4.0
6839,VILLA,4,300,False,50.0,True,True,400,False,1075000.0,HOUSE,1410,Waterloo,HYPER_EQUIPPED,AS_NEW,4.0
6841,HOUSE,5,315,False,25.0,True,True,1100,False,425000.0,HOUSE,4260,Braives,INSTALLED,GOOD,3.0
6879,HOUSE,6,335,False,15.0,True,True,120,False,289500.0,HOUSE,4610,Beyne-Heusay,NOT_INSTALLED,TO_RENOVATE,3.0
6976,TOWN_HOUSE,3,186,False,20.0,True,True,54,False,399500.0,HOUSE,9940,Evergem,INSTALLED,AS_NEW,2.0
7021,HOUSE,3,170,False,35.0,True,True,420,False,435000.0,HOUSE,1540,Herne,INSTALLED,JUST_RENOVATED,4.0
7024,HOUSE,4,200,False,15.0,True,True,60,False,325000.0,HOUSE,9340,Lede,INSTALLED,GOOD,2.0
7057,HOUSE,3,114,False,10.0,True,True,700,False,275000.0,HOUSE,8830,Hooglede,INSTALLED,AS_NEW,4.0
7060,HOUSE,3,126,False,22.0,True,True,900,False,365000.0,HOUSE,1480,Tubize,INSTALLED,GOOD,4.0
7062,TOWN_HOUSE,4,180,True,19.0,True,True,66,False,515000.0,HOUSE,1020,Bruxelles,INSTALLED,TO_BE_DONE_UP,2.0
7063,HOUSE,4,313,False,24.0,True,True,210,False,449000.0,HOUSE,2070,Zwijndrecht,HYPER_EQUIPPED,AS_NEW,2.0
7091,HOUSE,3,100,False,10.0,True,True,75,False,167500.0,HOUSE,7000,Mons,INSTALLED,AS_NEW,2.0
7123,VILLA,5,235,False,50.0,True,True,500,False,255000.0,HOUSE,7333,Saint-Ghislain Tertre,INSTALLED,GOOD,4.0
7124,HOUSE,4,180,False,32.0,True,True,150,False,195000.0,HOUSE,7170,Bois d’Haine ,HYPER_EQUIPPED,JUST_RENOVATED,3.0
7131,HOUSE,3,210,False,40.0,True,True,270,False,460000.0,HOUSE,1831,Diegem,INSTALLED,GOOD,2.0
7153,HOUSE,4,242,False,40.0,True,True,600,True,699000.0,HOUSE,9600,Ronse,INSTALLED,AS_NEW,4.0
7155,VILLA,6,255,False,8.0,True,True,150,False,495000.0,HOUSE,8430,Middelkerke,INSTALLED,GOOD,4.0
7172,HOUSE,3,221,False,20.0,True,True,460,False,324800.0,HOUSE,6280,GOUGNIES,INSTALLED,AS_NEW,2.0
7173,HOUSE,3,198,False,24.0,True,True,460,False,349400.0,HOUSE,6280,GOUGNIES,INSTALLED,AS_NEW,3.0
7174,HOUSE,3,195,False,20.0,True,True,550,False,298800.0,HOUSE,6280,GOUGNIES,INSTALLED,AS_NEW,3.0
7175,HOUSE,3,202,False,19.0,True,True,320,False,279400.0,HOUSE,6280,GOUGNIES,INSTALLED,AS_NEW,2.0
7205,VILLA,3,150,False,50.0,True,True,500,False,985000.0,HOUSE,1970,Wezembeek-Oppem,USA_HYPER_EQUIPPED,AS_NEW,4.0
7209,HOUSE,2,100,False,25.0,True,True,70,False,125000.0,HOUSE,7350,Hensies,SEMI_EQUIPPED,GOOD,3.0
7216,VILLA,5,290,False,20.0,True,True,350,False,1050000.0,HOUSE,1970,Wezembeek-Oppem,HYPER_EQUIPPED,AS_NEW,4.0
7248,HOUSE,5,250,False,12.0,True,True,8,False,445000.0,HOUSE,2060,Antwerp,HYPER_EQUIPPED,GOOD,2.0
7299,HOUSE,5,418,False,50.0,True,True,200,False,575000.0,HOUSE,9150,Bazel,HYPER_EQUIPPED,AS_NEW,3.0
7301,HOUSE,3,147,False,38.0,True,True,130,False,249000.0,HOUSE,8550,Zwevegem,INSTALLED,GOOD,2.0
7345,HOUSE,4,191,False,75.0,True,True,300,False,270000.0,HOUSE,8850,Ardooie,INSTALLED,GOOD,3.0
7352,TOWN_HOUSE,3,162,True,20.0,True,True,120,False,335000.0,HOUSE,2940,Stabroek,INSTALLED,AS_NEW,2.0
7370,HOUSE,4,198,False,20.0,True,True,33,False,575000.0,HOUSE,1080,Molenbeek-Saint-Jean,HYPER_EQUIPPED,AS_NEW,2.0
7377,MIXED_USE_BUILDING,6,485,True,100.0,True,True,450,False,635000.0,HOUSE,1880,Nieuwenrode - Kapelle-op-den-Bos,INSTALLED,GOOD,2.0
7430,HOUSE,3,158,False,10.0,True,True,65,False,349000.0,HOUSE,2060,Antwerp,HYPER_EQUIPPED,GOOD,2.0
7432,VILLA,3,237,False,20.0,True,True,780,False,380000.0,HOUSE,4550,Nandrin,SEMI_EQUIPPED,GOOD,4.0
7441,HOUSE,4,165,False,40.0,True,True,820,False,269500.0,HOUSE,6800,Libramont-Chevigny,NOT_INSTALLED,TO_RENOVATE,4.0
7447,HOUSE,5,200,False,4.0,True,True,4,False,350000.0,HOUSE,6700,Arlon,INSTALLED,TO_RENOVATE,3.0
7452,TOWN_HOUSE,3,177,False,32.0,True,True,70,False,499000.0,HOUSE,2650,Edegem,INSTALLED,AS_NEW,2.0
7473,HOUSE,3,85,False,7.0,True,True,50,False,198000.0,HOUSE,7700,Mouscron,INSTALLED,GOOD,2.0
7474,HOUSE,3,108,False,4.0,True,True,58,False,214000.0,HOUSE,4101,Jemeppe (-sur-meuse),SEMI_EQUIPPED,GOOD,2.0
7479,HOUSE,3,126,False,10.0,True,True,75,False,169000.0,HOUSE,6001,Marcinelle,SEMI_EQUIPPED,GOOD,2.0
7480,VILLA,6,430,False,40.0,True,True,700,True,1150000.0,HOUSE,9551,Herzele,HYPER_EQUIPPED,AS_NEW,4.0
7482,FARMHOUSE,5,259,False,35.0,True,True,2500,False,420000.0,HOUSE,7531,Havinnes,INSTALLED,TO_BE_DONE_UP,4.0
7484,EXCEPTIONAL_PROPERTY,4,380,False,53.0,True,True,650,False,595000.0,HOUSE,7912,Frasnes-lez-Anvaing Saint-Sauveur,USA_INSTALLED,GOOD,4.0
7487,HOUSE,3,149,False,15.0,True,True,150,False,285000.0,HOUSE,6230,Pont-a-Celles,USA_HYPER_EQUIPPED,JUST_RENOVATED,4.0
7497,HOUSE,3,135,False,20.0,True,True,175,False,149000.0,HOUSE,1790,Affligem,NOT_INSTALLED,TO_RENOVATE,3.0
7502,HOUSE,3,124,False,12.0,True,True,57,False,314812.0,HOUSE,7700,Mouscron,INSTALLED,AS_NEW,3.0
7522,HOUSE,3,100,False,50.0,True,True,12,False,245000.0,HOUSE,5330,Assesse Maillen,SEMI_EQUIPPED,GOOD,4.0
7566,HOUSE,3,152,False,7.0,True,True,450,False,265000.0,HOUSE,9600,Ronse,INSTALLED,JUST_RENOVATED,2.0
7630,HOUSE,2,168,False,40.0,True,True,140,False,310000.0,HOUSE,9320,Aalst,HYPER_EQUIPPED,AS_NEW,3.0
7646,CHALET,1,71,False,60.0,True,True,1500,False,149000.0,HOUSE,3980,Tessenderlo,INSTALLED,GOOD,4.0
7648,HOUSE,4,245,False,8.0,True,True,90,False,499000.0,HOUSE,2500,Lier,INSTALLED,GOOD,2.0
7655,HOUSE,2,100,False,60.0,True,True,190,False,220000.0,HOUSE,4480,ENGIS,SEMI_EQUIPPED,GOOD,4.0
7658,HOUSE,2,97,False,5.0,True,True,20,False,295000.0,HOUSE,2600,Antwerpen,INSTALLED,GOOD,2.0
7725,EXCEPTIONAL_PROPERTY,7,526,True,160.0,True,True,1,False,1350000.0,HOUSE,3140,Keerbergen,USA_INSTALLED,AS_NEW,4.0
7730,HOUSE,3,190,False,60.0,True,True,950,False,450000.0,HOUSE,4537,Verlaine,HYPER_EQUIPPED,AS_NEW,4.0
7731,APARTMENT_BLOCK,6,369,False,54.0,True,True,40,False,850000.0,HOUSE,1190,Forest,USA_HYPER_EQUIPPED,GOOD,4.0
7732,APARTMENT_BLOCK,6,369,False,54.0,True,True,40,False,850000.0,HOUSE,1700,Dilbeek,USA_HYPER_EQUIPPED,GOOD,4.0
7750,HOUSE,3,148,False,1.0,True,True,1,False,315000.0,HOUSE,3650,Dilsen-Stokkem,INSTALLED,AS_NEW,3.0
7768,HOUSE,4,200,False,35.0,True,True,734,False,410000.0,HOUSE,5580,Rochefort,HYPER_EQUIPPED,AS_NEW,4.0
7774,VILLA,4,142,False,37.0,True,True,1100,False,330000.0,HOUSE,6596,Seloignes,INSTALLED,AS_NEW,4.0
7804,HOUSE,4,390,False,50.0,True,True,661,False,990000.0,HOUSE,1020,Bruxelles,USA_SEMI_EQUIPPED,AS_NEW,4.0
7846,HOUSE,3,230,True,30.0,True,True,120,False,259000.0,HOUSE,2400,Mol,INSTALLED,GOOD,4.0
7868,HOUSE,4,190,True,25.0,True,True,300,True,545000.0,HOUSE,1428,LILLOIS-WITTERZEE,USA_HYPER_EQUIPPED,TO_BE_DONE_UP,3.0
7910,HOUSE,4,128,False,45.0,True,True,21,False,360000.0,HOUSE,1430,Rebecq,HYPER_EQUIPPED,AS_NEW,3.0
7929,HOUSE,2,157,False,16.0,True,True,100,False,375000.0,HOUSE,9700,Oudenaarde,HYPER_EQUIPPED,AS_NEW,3.0
7987,HOUSE,3,115,False,10.0,True,True,32,False,159000.0,HOUSE,7100,HAINE-SAINT-PAUL,INSTALLED,GOOD,2.0
7992,HOUSE,5,180,False,20.0,True,True,350,False,150000.0,HOUSE,5575,Gedinne,SEMI_EQUIPPED,TO_RESTORE,3.0
7994,HOUSE,3,179,False,18.0,True,True,35,False,425000.0,HOUSE,8500,Kortrijk,HYPER_EQUIPPED,AS_NEW,3.0
7995,APARTMENT_BLOCK,6,226,False,32.0,True,True,60,False,299000.0,HOUSE,7700,Mouscron,INSTALLED,AS_NEW,2.0
7996,HOUSE,6,226,False,32.0,True,True,60,False,299000.0,HOUSE,7700,Mouscron,INSTALLED,AS_NEW,2.0
8012,BUNGALOW,3,140,False,12.0,True,True,60,False,495000.0,HOUSE,3078,Kortenberg Everberg,INSTALLED,AS_NEW,4.0
8014,HOUSE,4,182,False,20.0,True,True,45,False,399000.0,HOUSE,2070,Zwijndrecht,HYPER_EQUIPPED,GOOD,3.0
8024,HOUSE,4,358,False,65.0,True,True,348,True,379000.0,HOUSE,3320,Hoegaarden,HYPER_EQUIPPED,AS_NEW,3.0
8037,HOUSE,2,132,False,20.0,True,True,80,False,215000.0,HOUSE,9600,Ronse,HYPER_EQUIPPED,GOOD,2.0
8046,HOUSE,3,113,False,10.0,True,True,100,False,149900.0,HOUSE,6200,Chatelet,INSTALLED,GOOD,2.0
8048,VILLA,4,291,False,36.0,True,True,400,False,875000.0,HOUSE,1410,Waterloo,HYPER_EQUIPPED,AS_NEW,3.0
8049,VILLA,8,572,False,64.0,True,True,1257,False,1770000.0,HOUSE,1410,Waterloo,HYPER_EQUIPPED,AS_NEW,3.0
8050,HOUSE,5,209,False,19.0,True,True,295,False,250000.0,HOUSE,4040,Herstal,NOT_INSTALLED,GOOD,3.0
8051,HOUSE,4,301,False,31.0,True,True,946,True,619000.0,HOUSE,4458,Fexhe-Slins,INSTALLED,GOOD,4.0
8070,HOUSE,3,164,False,16.0,True,True,30,False,345000.0,HOUSE,9250,Waasmunster,HYPER_EQUIPPED,AS_NEW,3.0
8071,EXCEPTIONAL_PROPERTY,5,260,False,18.0,True,True,300,False,495000.0,HOUSE,9450,Haaltert,HYPER_EQUIPPED,JUST_RENOVATED,3.0
8116,HOUSE,3,200,False,110.0,True,True,550,False,425000.0,HOUSE,2070,Burcht,SEMI_EQUIPPED,GOOD,2.0
8173,COUNTRY_COTTAGE,3,203,False,48.0,True,True,2418,False,349000.0,HOUSE,7890,Ellezelles,INSTALLED,TO_BE_DONE_UP,4.0
8253,HOUSE,3,144,False,25.0,True,True,150,False,330000.0,HOUSE,2610,Antwerpen,HYPER_EQUIPPED,GOOD,2.0
8265,HOUSE,1,100,False,90.0,True,True,30,False,240000.0,HOUSE,9000,Gent,INSTALLED,AS_NEW,3.0
8306,HOUSE,3,148,False,70.0,True,True,355,False,196000.0,HOUSE,3350,Linter,SEMI_EQUIPPED,TO_BE_DONE_UP,3.0
8327,HOUSE,3,145,False,40.0,True,True,625,True,395000.0,HOUSE,5030,SAUVENIÈRE,INSTALLED,GOOD,4.0
8336,HOUSE,1,135,False,10.0,True,True,25,False,345000.0,HOUSE,5590,Leignon,HYPER_EQUIPPED,AS_NEW,3.0
8380,HOUSE,4,200,False,55.0,True,True,2000,False,750000.0,HOUSE,1650,Beersel,INSTALLED,GOOD,4.0
8388,HOUSE,4,255,False,33.0,True,True,100,False,390000.0,HOUSE,5640,Mettet,HYPER_EQUIPPED,AS_NEW,3.0
8392,VILLA,4,340,False,1.0,True,True,1634,False,949000.0,HOUSE,1410,Waterloo,HYPER_EQUIPPED,JUST_RENOVATED,4.0
8404,COUNTRY_COTTAGE,4,455,False,50.0,True,True,4800,True,1495000.0,HOUSE,1730,Asse,HYPER_EQUIPPED,AS_NEW,4.0
8415,HOUSE,4,202,False,35.0,True,True,200,False,545000.0,HOUSE,3090,Overijse,USA_INSTALLED,GOOD,3.0
8418,HOUSE,5,290,True,10.0,True,True,400,False,590000.0,HOUSE,3060,Bertem,HYPER_EQUIPPED,TO_BE_DONE_UP,4.0
8433,VILLA,4,322,False,35.0,True,True,700,False,420000.0,HOUSE,6110,Montigny-le-tilleul,SEMI_EQUIPPED,GOOD,4.0
8453,TOWN_HOUSE,2,154,False,12.0,True,True,550,False,179900.0,HOUSE,6180,Courcelles,INSTALLED,TO_BE_DONE_UP,3.0
8458,VILLA,4,279,False,35.0,True,True,1882,False,695000.0,HOUSE,3550,Heusden-Zolder,INSTALLED,GOOD,4.0
8464,HOUSE,3,176,False,16.0,True,True,52,False,199000.0,HOUSE,3300,Tienen,INSTALLED,GOOD,2.0
8473,HOUSE,3,223,False,13.0,True,True,147,False,279000.0,HOUSE,3600,Genk,INSTALLED,TO_BE_DONE_UP,4.0
8489,HOUSE,3,155,False,20.0,True,True,112,False,159000.0,HOUSE,6870,SAINT-HUBERT,SEMI_EQUIPPED,GOOD,2.0
8494,VILLA,4,332,True,1.0,True,True,430,False,525000.0,HOUSE,1860,Meise,INSTALLED,AS_NEW,4.0
8522,TOWN_HOUSE,2,340,False,1.0,True,True,1,False,515000.0,HOUSE,1703,Dilbeek,USA_INSTALLED,AS_NEW,2.0
8533,HOUSE,3,130,False,15.0,True,True,800,False,200000.0,HOUSE,4537,Verlaine,SEMI_EQUIPPED,TO_BE_DONE_UP,3.0
8558,HOUSE,3,105,False,12.0,True,True,25,False,145500.0,HOUSE,4032,Liège,INSTALLED,TO_BE_DONE_UP,3.0
8581,HOUSE,3,160,True,30.0,True,True,450,False,380000.0,HOUSE,4100,Seraing,INSTALLED,AS_NEW,4.0
8585,HOUSE,2,118,False,24.0,True,True,55,False,145000.0,HOUSE,7700,Mouscron,INSTALLED,GOOD,2.0
8597,TOWN_HOUSE,4,156,False,20.0,True,True,60,False,398500.0,HOUSE,1080,Molenbeek-Saint-Jean,SEMI_EQUIPPED,AS_NEW,2.0
8598,HOUSE,2,100,False,8.0,True,True,344,False,335000.0,HOUSE,3071,Kortenberg,SEMI_EQUIPPED,TO_BE_DONE_UP,4.0
8627,HOUSE,3,120,False,47.0,True,True,321,False,159000.0,HOUSE,6032,Mont-sur-Marchienne,INSTALLED,GOOD,2.0
8642,HOUSE,4,197,False,15.0,True,True,500,False,239900.0,HOUSE,6230,Pont-à-Celles Thiméon,SEMI_EQUIPPED,TO_BE_DONE_UP,3.0
8652,APARTMENT_BLOCK,9,448,False,40.0,True,True,2688,False,625000.0,HOUSE,5377,Baillonville,INSTALLED,GOOD,4.0
8654,VILLA,3,185,False,30.0,True,True,600,False,399000.0,HOUSE,1400,Nivelles,HYPER_EQUIPPED,GOOD,4.0
8663,HOUSE,6,270,False,50.0,True,True,200,False,175000.0,HOUSE,4350,Remicourt,NOT_INSTALLED,TO_RENOVATE,3.0
8690,EXCEPTIONAL_PROPERTY,8,870,False,120.0,True,True,28000,True,1795000.0,HOUSE,1301,Wavre,INSTALLED,TO_BE_DONE_UP,4.0
8692,EXCEPTIONAL_PROPERTY,5,510,False,28.0,True,True,2000,True,995000.0,HOUSE,1325,Chaumont-Gistoux,USA_HYPER_EQUIPPED,GOOD,4.0
8787,HOUSE,3,160,True,60.0,True,True,550,True,400000.0,HOUSE,5310,Éghezée,USA_INSTALLED,AS_NEW,4.0
8797,HOUSE,3,175,False,150.0,True,True,400,False,349000.0,HOUSE,9320,Erembodegem,INSTALLED,GOOD,2.0
8804,HOUSE,2,115,True,26.0,True,True,150,False,385000.0,HOUSE,2050,Antwerpen,INSTALLED,AS_NEW,2.0
8805,HOUSE,4,260,True,59.0,True,True,60,False,375000.0,HOUSE,4420,Saint-Nicolas,USA_HYPER_EQUIPPED,AS_NEW,2.0
8806,HOUSE,4,230,True,120.0,True,True,100,False,549000.0,HOUSE,2940,Stabroek,INSTALLED,AS_NEW,3.0
8837,HOUSE,3,137,False,25.0,True,True,207,False,264000.0,HOUSE,9400,Ninove,HYPER_EQUIPPED,AS_NEW,2.0
8875,HOUSE,3,190,False,18.0,True,True,1800,False,395000.0,HOUSE,3090,Overijse,SEMI_EQUIPPED,TO_RENOVATE,4.0
8889,VILLA,3,271,False,25.0,True,True,1,False,387000.0,HOUSE,4683,Oupeye,HYPER_EQUIPPED,AS_NEW,3.0
8931,VILLA,3,185,False,20.0,True,True,700,True,545000.0,HOUSE,1330,Rixensart,INSTALLED,TO_BE_DONE_UP,4.0
8941,HOUSE,3,156,False,1.0,True,True,1,False,405000.0,HOUSE,2390,Malle,INSTALLED,JUST_RENOVATED,2.0
8959,HOUSE,3,178,False,1.0,True,True,758,False,485000.0,HOUSE,6700,Arlon,INSTALLED,GOOD,4.0
8960,HOUSE,4,132,False,20.0,True,True,90,False,249000.0,HOUSE,4031,Liège,INSTALLED,GOOD,2.0
8964,HOUSE,3,155,False,110.0,True,True,502,False,199000.0,HOUSE,5580,Rochefort,SEMI_EQUIPPED,AS_NEW,3.0
8967,HOUSE,2,185,False,1.0,True,True,1,False,299000.0,HOUSE,1730,Asse,INSTALLED,GOOD,2.0
8972,HOUSE,4,170,False,39.0,True,True,253,False,485000.0,HOUSE,2520,Ranst,INSTALLED,AS_NEW,3.0
8981,HOUSE,4,411,True,80.0,True,True,4000,True,625000.0,HOUSE,7133,Buvrinnes,INSTALLED,JUST_RENOVATED,4.0
9001,HOUSE,4,152,False,15.0,True,True,34,False,299000.0,HOUSE,1430,Rebecq,INSTALLED,GOOD,2.0
9021,HOUSE,5,310,False,20.0,True,True,690,False,675000.0,HOUSE,1300,Brabant Wallon,HYPER_EQUIPPED,GOOD,4.0
9053,EXCEPTIONAL_PROPERTY,4,335,False,65.0,True,True,1000,True,1235000.0,HOUSE,2275,Gierle,HYPER_EQUIPPED,AS_NEW,4.0
9075,HOUSE,3,120,False,8.0,True,True,100,False,399000.0,HOUSE,3000,Leuven,SEMI_EQUIPPED,TO_BE_DONE_UP,2.0
9152,VILLA,3,413,True,15.0,True,True,1,False,591700.0,HOUSE,1330,Rixensart,HYPER_EQUIPPED,GOOD,4.0
9158,HOUSE,2,160,True,20.0,True,True,2900,True,290000.0,HOUSE,2990,Wuustwezel,INSTALLED,TO_RENOVATE,4.0
9173,HOUSE,2,117,False,20.0,True,True,80,False,385000.0,HOUSE,2640,Mortsel,INSTALLED,JUST_RENOVATED,2.0
9174,VILLA,5,300,False,50.0,True,True,2220,False,1245000.0,HOUSE,1380,Lasne,HYPER_EQUIPPED,AS_NEW,4.0
9175,EXCEPTIONAL_PROPERTY,6,1165,False,200.0,True,True,3788,False,1950000.0,HOUSE,1470,Genappe,HYPER_EQUIPPED,AS_NEW,4.0
9207,VILLA,3,258,False,15.0,True,True,200,False,799000.0,HOUSE,1950,Kraainem,INSTALLED,GOOD,4.0
9209,HOUSE,4,155,True,15.0,True,True,1000,False,339000.0,HOUSE,4987,Stoumont,INSTALLED,GOOD,4.0
9214,HOUSE,3,131,False,150.0,True,True,400,False,349000.0,HOUSE,3400,Landen,INSTALLED,JUST_RENOVATED,4.0
9219,HOUSE,5,177,False,13.0,True,True,25,False,215000.0,HOUSE,4000,Liège,NOT_INSTALLED,TO_RESTORE,2.0
9221,EXCEPTIONAL_PROPERTY,2,171,True,50.0,True,True,500,False,495000.0,HOUSE,2845,Niel,USA_INSTALLED,AS_NEW,2.0
9223,HOUSE,4,180,False,1.0,True,True,87,False,419000.0,HOUSE,9820,Merelbeke,INSTALLED,AS_NEW,3.0
9226,HOUSE,3,170,False,60.0,True,True,400,False,445500.0,HOUSE,2150,Borsbeek,INSTALLED,GOOD,1.0
9228,TOWN_HOUSE,3,162,False,72.0,True,True,180,False,379000.0,HOUSE,2950,Kapellen,INSTALLED,JUST_RENOVATED,2.0
9233,HOUSE,3,287,False,200.0,True,True,400,False,450000.0,HOUSE,3111,Wezemaal,HYPER_EQUIPPED,AS_NEW,3.0
9236,HOUSE,4,182,False,24.0,True,True,130,False,589000.0,HOUSE,2650,Edegem,HYPER_EQUIPPED,AS_NEW,3.0
9251,VILLA,3,405,False,28.0,True,True,500,False,675000.0,HOUSE,3980,Tessenderlo,HYPER_EQUIPPED,AS_NEW,4.0
9254,HOUSE,2,116,False,12.0,True,True,200,False,235000.0,HOUSE,7061,Soignies,INSTALLED,AS_NEW,4.0
9257,BUNGALOW,2,220,False,40.0,True,True,340,True,275000.0,HOUSE,4400,Flémalle,INSTALLED,GOOD,4.0
9269,HOUSE,3,125,False,70.0,True,True,235,False,169500.0,HOUSE,4101,Seraing Jemeppesur-Meuse,HYPER_EQUIPPED,GOOD,3.0
9279,HOUSE,3,160,False,36.0,True,True,110,False,515000.0,HOUSE,2640,Mortsel,HYPER_EQUIPPED,JUST_RENOVATED,2.0
9285,VILLA,3,200,False,28.0,True,True,200,False,440000.0,HOUSE,9300,Aalst,INSTALLED,AS_NEW,4.0
9287,HOUSE,4,400,True,35.0,True,True,600,False,655000.0,HOUSE,9800,Deinze,INSTALLED,GOOD,4.0
9288,HOUSE,3,134,False,17.0,True,True,400,False,380000.0,HOUSE,2860,Sint-Katelijne-Waver,INSTALLED,TO_RENOVATE,4.0
9301,HOUSE,7,300,False,10.0,True,True,3593,False,495000.0,HOUSE,6690,Vielsalm,INSTALLED,GOOD,4.0
9310,HOUSE,3,150,False,20.0,True,True,250,False,225000.0,HOUSE,9600,Ronse,HYPER_EQUIPPED,JUST_RENOVATED,2.0
9314,HOUSE,3,130,False,46.0,True,True,620,False,420000.0,HOUSE,4630,Micheroux,INSTALLED,GOOD,4.0
9334,HOUSE,2,172,False,22.0,True,True,65,False,349500.0,HOUSE,2880,Bornem,INSTALLED,AS_NEW,2.0
9336,HOUSE,4,184,False,39.0,True,True,521,False,470000.0,HOUSE,9860,Oosterzele,HYPER_EQUIPPED,AS_NEW,4.0
9339,HOUSE,4,350,False,75.0,True,True,400,True,770000.0,HOUSE,4890,Thimister-Clermont,HYPER_EQUIPPED,AS_NEW,4.0
9342,HOUSE,4,265,False,21.0,True,True,1,False,350000.0,HOUSE,4800,Lambermont,USA_INSTALLED,AS_NEW,4.0
9346,HOUSE,3,170,False,30.0,True,True,140,False,329000.0,HOUSE,2400,Mol,INSTALLED,JUST_RENOVATED,3.0
9360,HOUSE,4,2800,False,1.0,True,True,1,False,549000.0,HOUSE,8930,Menen,HYPER_EQUIPPED,JUST_RENOVATED,4.0
9361,HOUSE,4,160,False,12.0,True,True,25,False,395000.0,HOUSE,6700,Arlon,INSTALLED,JUST_RENOVATED,2.0
9362,VILLA,4,250,True,121.0,True,True,1200,False,785000.0,HOUSE,1850,Grimbergen,USA_INSTALLED,GOOD,4.0
9379,HOUSE,4,200,True,15.0,True,True,120,False,425000.0,HOUSE,9030,Gent,SEMI_EQUIPPED,GOOD,2.0
9385,HOUSE,3,170,True,20.0,True,True,800,False,425000.0,HOUSE,4540,Amay,HYPER_EQUIPPED,GOOD,4.0
9387,VILLA,6,230,False,21.0,True,True,200,False,535000.0,HOUSE,3150,Haacht,USA_HYPER_EQUIPPED,AS_NEW,3.0
9393,VILLA,6,320,False,27.0,True,True,200,False,550000.0,HOUSE,3150,Wespelaar,USA_HYPER_EQUIPPED,AS_NEW,2.0
9396,TOWN_HOUSE,4,115,False,30.0,True,True,150,False,320000.0,HOUSE,5100,Namur,USA_INSTALLED,AS_NEW,2.0
9406,CHALET,2,44,False,20.0,True,True,265,False,129000.0,HOUSE,5377,Somme-Leuze Noiseux,USA_INSTALLED,GOOD,4.0
9445,HOUSE,3,177,False,10.0,True,True,50,False,296000.0,HOUSE,9100,Sint-Niklaas,INSTALLED,GOOD,2.0
9449,HOUSE,3,220,True,70.0,True,True,1450,False,515000.0,HOUSE,2230,Herselt,INSTALLED,AS_NEW,8.0
9452,HOUSE,3,200,False,40.0,True,True,110,False,320000.0,HOUSE,7830,Silly,USA_HYPER_EQUIPPED,AS_NEW,3.0
9453,HOUSE,3,164,False,20.0,True,True,30,False,395000.0,HOUSE,2800,Mechelen,HYPER_EQUIPPED,AS_NEW,2.0
9460,HOUSE,3,140,False,10.0,True,True,504,False,259000.0,HOUSE,6730,Tintigny Saint-Vincent,USA_HYPER_EQUIPPED,GOOD,2.0
9465,HOUSE,3,139,False,10.0,True,True,50,False,289000.0,HOUSE,8770,Ingelmunster,INSTALLED,JUST_RENOVATED,2.0
9467,HOUSE,3,188,False,48.0,True,True,400,False,395000.0,HOUSE,2250,Olen,USA_INSTALLED,JUST_RENOVATED,4.0
9485,HOUSE,3,190,False,20.0,True,True,200,False,605000.0,HOUSE,9000,Gent,HYPER_EQUIPPED,AS_NEW,3.0
9492,HOUSE,4,320,False,26.0,True,True,500,False,625000.0,HOUSE,7040,Quévy,USA_HYPER_EQUIPPED,JUST_RENOVATED,4.0
9496,HOUSE,3,220,False,35.0,True,True,200,False,495000.0,HOUSE,8000,Brugge,HYPER_EQUIPPED,AS_NEW,3.0
9498,HOUSE,4,260,False,25.0,True,True,725,False,410000.0,HOUSE,3600,Genk,SEMI_EQUIPPED,GOOD,2.0
9499,HOUSE,3,171,False,20.0,True,True,156,False,490000.0,HOUSE,2110,Wijnegem,INSTALLED,GOOD,2.0
9502,VILLA,4,249,True,25.0,True,True,800,False,645000.0,HOUSE,1700,Dilbeek,INSTALLED,GOOD,4.0
9532,HOUSE,1,89,False,15.0,True,True,310,False,199000.0,HOUSE,4683,Vivegnis,SEMI_EQUIPPED,GOOD,4.0
9539,HOUSE,3,111,False,63.0,True,True,536,False,199000.0,HOUSE,4682,Oupeye,SEMI_EQUIPPED,GOOD,4.0
9547,EXCEPTIONAL_PROPERTY,3,140,False,16.0,True,True,60,False,530000.0,HOUSE,6717,Attert,NOT_INSTALLED,AS_NEW,3.0
9584,HOUSE,5,206,False,14.0,True,True,30,False,227500.0,HOUSE,4860,Pepinster,SEMI_EQUIPPED,GOOD,2.0
9599,HOUSE,3,112,False,7.0,True,True,23,False,139000.0,HOUSE,9600,Ronse,INSTALLED,TO_BE_DONE_UP,2.0
9602,HOUSE,4,185,False,15.0,True,True,29,False,495000.0,HOUSE,2018,Antwerp,INSTALLED,GOOD,2.0
9693,VILLA,4,313,False,33.0,True,True,556,True,730000.0,HOUSE,2520,Ranst,INSTALLED,AS_NEW,4.0
9706,EXCEPTIONAL_PROPERTY,4,334,False,24.0,True,True,75,False,495000.0,HOUSE,8972,Poperinge,INSTALLED,AS_NEW,2.0
9709,HOUSE,2,255,False,25.0,True,True,180,False,378000.0,HOUSE,3118,Rotselaar,HYPER_EQUIPPED,JUST_RENOVATED,2.0
9747,HOUSE,3,170,True,20.0,True,True,122,False,449000.0,HOUSE,2840,Rumst,INSTALLED,AS_NEW,3.0
9757,VILLA,5,170,False,10.0,True,True,250,False,315000.0,HOUSE,5000,Namur,INSTALLED,GOOD,4.0
9833,HOUSE,3,150,False,20.0,True,True,200,False,349000.0,HOUSE,1600,Sint-Pieters-Leeuw,INSTALLED,TO_BE_DONE_UP,2.0
9847,HOUSE,3,158,False,20.0,True,True,120,False,415000.0,HOUSE,2550,Kontich,INSTALLED,AS_NEW,2.0
9852,VILLA,3,170,False,25.0,True,True,450,False,529000.0,HOUSE,1380,Lasne,NOT_INSTALLED,GOOD,4.0
9862,HOUSE,3,133,True,40.0,True,True,1000,False,340000.0,HOUSE,5651,Walcourt,INSTALLED,AS_NEW,4.0
9867,HOUSE,3,100,False,25.0,True,True,986,False,270000.0,HOUSE,5360,Natoye,INSTALLED,GOOD,4.0
9923,HOUSE,4,185,False,25.0,True,True,4375,False,275000.0,HOUSE,6690,Vielsalm,USA_INSTALLED,GOOD,4.0
9927,VILLA,3,225,False,54.0,True,True,800,False,895000.0,HOUSE,1070,Anderlecht,USA_HYPER_EQUIPPED,AS_NEW,4.0
9933,HOUSE,5,280,False,50.0,True,True,400,False,439000.0,HOUSE,3530,Houthalen-Helchteren,INSTALLED,GOOD,4.0
9949,HOUSE,3,131,False,15.0,True,True,45,False,335000.0,HOUSE,2990,Wuustwezel,INSTALLED,GOOD,3.0
9951,TOWN_HOUSE,4,230,True,7.0,True,True,530,False,445000.0,HOUSE,1853,Grimbergen,SEMI_EQUIPPED,GOOD,2.0
9974,HOUSE,3,162,False,25.0,True,True,100,False,395000.0,HOUSE,2650,Edegem,HYPER_EQUIPPED,AS_NEW,2.0
9983,HOUSE,3,141,False,56.0,True,True,300,False,379000.0,HOUSE,1910,Kampenhout,INSTALLED,GOOD,3.0
9985,VILLA,3,180,False,25.0,True,True,150,False,450000.0,HOUSE,2970,Schilde,INSTALLED,AS_NEW,4.0
10002,HOUSE,2,161,False,27.0,True,True,174,False,119999.0,HOUSE,6061,Montignies-sur-Sambre,SEMI_EQUIPPED,TO_BE_DONE_UP,3.0
10005,EXCEPTIONAL_PROPERTY,4,530,False,100.0,True,True,4000,False,2550000.0,HOUSE,8310,Brugge Assebroek,USA_HYPER_EQUIPPED,GOOD,4.0
10012,VILLA,3,185,False,25.0,True,True,270,False,575000.0,HOUSE,3090,Overijse,INSTALLED,TO_BE_DONE_UP,4.0
10017,HOUSE,3,171,False,20.0,True,True,215,False,145000.0,HOUSE,4020,Liège Jupillesur-Meuse,NOT_INSTALLED,TO_RENOVATE,2.0
10030,HOUSE,4,195,False,35.0,True,True,140,False,374000.0,HOUSE,4623,MAGNEE,SEMI_EQUIPPED,GOOD,3.0
10031,HOUSE,5,392,False,20.0,True,True,1735,False,425000.0,HOUSE,4681,Hermalle-sous-Argenteau,INSTALLED,TO_RESTORE,3.0
10036,VILLA,5,320,False,90.0,True,True,1000,True,975000.0,HOUSE,1640,Rhode-Saint-Genese,INSTALLED,TO_BE_DONE_UP,4.0
10037,VILLA,5,320,False,90.0,True,True,1000,True,975000.0,HOUSE,1640,St-Genesius-Rode,INSTALLED,TO_BE_DONE_UP,4.0
10040,HOUSE,4,165,False,25.0,True,True,450,False,209000.0,HOUSE,7141,Carnières,INSTALLED,GOOD,3.0
10048,VILLA,3,185,False,30.0,True,True,600,False,399000.0,HOUSE,6230,Pont-a-Celles,HYPER_EQUIPPED,GOOD,4.0
10070,FARMHOUSE,4,180,False,39.0,True,True,93,False,350000.0,HOUSE,4360,Oreye,USA_HYPER_EQUIPPED,AS_NEW,3.0
10072,HOUSE,8,275,False,5.0,True,True,30,False,900000.0,HOUSE,1040,Etterbeek,SEMI_EQUIPPED,GOOD,2.0
10073,HOUSE,3,150,False,100.0,True,True,500,False,985000.0,HOUSE,1970,Wezembeek-Oppem,USA_HYPER_EQUIPPED,AS_NEW,4.0
10074,VILLA,5,280,False,25.0,True,True,600,False,1195000.0,HOUSE,1150,Woluwe-Saint-Pierre,INSTALLED,TO_RENOVATE,4.0
10089,HOUSE,3,218,False,50.0,True,True,400,False,430000.0,HOUSE,8500,Kortrijk,INSTALLED,GOOD,4.0
10446,APARTMENT,2,70,False,50.0,True,True,60,False,295000.0,APARTMENT,1180,Uccle,INSTALLED,GOOD,2.0
10461,TRIPLEX,5,566,False,50.0,True,True,100,False,2490000.0,APARTMENT,1050,Ixelles,HYPER_EQUIPPED,GOOD,2.0
10488,GROUND_FLOOR,2,128,False,35.0,True,True,300,False,635000.0,APARTMENT,1180,Uccle,USA_HYPER_EQUIPPED,AS_NEW,4.0
10534,APARTMENT,5,255,False,40.0,True,True,1200,False,1495000.0,APARTMENT,1050,Ixelles,HYPER_EQUIPPED,TO_RENOVATE,3.0
10535,APARTMENT,5,255,False,40.0,True,True,1200,False,1495000.0,APARTMENT,1000,Bruxelles,HYPER_EQUIPPED,TO_RENOVATE,3.0
10613,DUPLEX,2,120,False,20.0,True,True,115,False,420000.0,APARTMENT,1060,Saint-Gilles,INSTALLED,GOOD,2.0
10643,LOFT,3,235,False,24.0,True,True,2770,True,999500.0,APARTMENT,2900,Schoten,HYPER_EQUIPPED,AS_NEW,4.0
10644,APARTMENT,3,235,False,24.0,True,True,2770,True,999500.0,APARTMENT,2900,Schoten,HYPER_EQUIPPED,AS_NEW,4.0
10645,PENTHOUSE,3,235,False,24.0,True,True,2770,True,999500.0,APARTMENT,2900,Schoten,HYPER_EQUIPPED,AS_NEW,4.0
10710,GROUND_FLOOR,1,81,False,14.0,True,True,5,False,447500.0,APARTMENT,9000,Gent,HYPER_EQUIPPED,AS_NEW,4.0
10838,GROUND_FLOOR,1,88,False,65.0,True,True,78,False,240000.0,APARTMENT,7090,Braine-le-Comte,INSTALLED,GOOD,2.0
11073,DUPLEX,2,100,False,9.0,True,True,1770,False,565000.0,APARTMENT,1150,Woluwe-Saint-Pierre,HYPER_EQUIPPED,AS_NEW,2.0
11119,GROUND_FLOOR,1,90,False,8.0,True,True,80,False,499000.0,APARTMENT,1050,Ixelles,HYPER_EQUIPPED,GOOD,2.0
11260,APARTMENT,1,57,False,10.0,True,True,30,False,170000.0,APARTMENT,1020,Laeken,HYPER_EQUIPPED,JUST_RENOVATED,2.0
11309,GROUND_FLOOR,2,260,True,6.0,True,True,20000,False,597500.0,APARTMENT,4130,Esneux,HYPER_EQUIPPED,AS_NEW,3.0
11374,APARTMENT,3,119,False,40.0,True,True,158,False,795000.0,APARTMENT,1950,Kraainem,USA_HYPER_EQUIPPED,AS_NEW,2.0
11507,GROUND_FLOOR,1,64,False,24.0,True,True,180,False,198000.0,APARTMENT,2170,Antwerpen,INSTALLED,GOOD,2.0
11524,APARTMENT,3,155,False,45.0,True,True,120,False,190000.0,APARTMENT,4821,Dison Andrimont,HYPER_EQUIPPED,AS_NEW,3.0
11579,APARTMENT,2,96,False,23.0,True,True,134,False,240000.0,APARTMENT,6280,GOUGNIES,INSTALLED,AS_NEW,3.0
11580,APARTMENT,1,119,False,19.0,True,True,36,False,250000.0,APARTMENT,6280,GOUGNIES,INSTALLED,AS_NEW,2.0
11590,APARTMENT,4,189,False,40.0,True,True,196,False,488565.0,APARTMENT,4122,Plainevaux,NOT_INSTALLED,JUST_RENOVATED,3.0
11606,GROUND_FLOOR,1,70,False,5.0,True,True,85,False,250000.0,APARTMENT,1020,Bruxelles,INSTALLED,GOOD,2.0
11608,APARTMENT,3,134,False,19.0,True,True,1000,False,480000.0,APARTMENT,1640,Rhode-Saint-Genèse,INSTALLED,AS_NEW,4.0
11618,GROUND_FLOOR,3,110,False,24.0,True,True,242,False,348500.0,APARTMENT,2910,Essen,INSTALLED,AS_NEW,3.0
11630,APARTMENT,2,80,False,16.0,True,True,1200,False,295000.0,APARTMENT,2070,Zwijndrecht,HYPER_EQUIPPED,JUST_RENOVATED,1.0
11665,APARTMENT,2,110,False,16.0,True,True,100,False,240000.0,APARTMENT,4432,Ans,USA_INSTALLED,JUST_RENOVATED,3.0
11819,APARTMENT,1,56,False,8.0,True,True,1,False,268500.0,APARTMENT,8370,Blankenberge,INSTALLED,AS_NEW,4.0
11829,GROUND_FLOOR,3,112,False,70.0,True,True,80,False,320000.0,APARTMENT,2070,Zwijndrecht,INSTALLED,AS_NEW,3.0
11902,APARTMENT,2,80,False,30.0,True,True,10,False,289000.0,APARTMENT,2140,Antwerpen,INSTALLED,GOOD,2.0
11963,GROUND_FLOOR,1,106,False,22.0,True,True,175,False,259000.0,APARTMENT,1190,Forest,USA_INSTALLED,TO_BE_DONE_UP,2.0
11975,APARTMENT,1,77,False,12.0,True,True,60,False,269000.0,APARTMENT,9140,Temse,HYPER_EQUIPPED,AS_NEW,2.0
12142,TRIPLEX,3,150,False,15.0,True,True,270,False,410000.0,APARTMENT,1930,Nossegem,USA_INSTALLED,AS_NEW,3.0
12167,APARTMENT,2,126,False,10.0,True,True,57,False,378000.0,APARTMENT,8370,Blankenberge,HYPER_EQUIPPED,JUST_RENOVATED,2.0
12205,DUPLEX,3,163,False,2.0,True,True,21,False,509000.0,APARTMENT,2018,Antwerpen,NOT_INSTALLED,AS_NEW,3.0
12247,GROUND_FLOOR,1,52,False,14.0,True,True,45,False,199000.0,APARTMENT,1070,Anderlecht,INSTALLED,GOOD,2.0
12305,APARTMENT,3,183,False,24.0,True,True,114,False,215000.0,APARTMENT,3550,Heusden-Zolder,INSTALLED,GOOD,3.0
12316,APARTMENT,2,83,False,9.0,True,True,12,False,199750.0,APARTMENT,8930,Menen,INSTALLED,GOOD,2.0
12376,GROUND_FLOOR,2,114,False,12.0,True,True,863,False,238000.0,APARTMENT,6900,Marche-en-Famenne,USA_INSTALLED,AS_NEW,2.0
12541,APARTMENT,2,85,False,38.0,True,True,90,False,380000.0,APARTMENT,1160,Auderghem,HYPER_EQUIPPED,JUST_RENOVATED,2.0
12572,GROUND_FLOOR,2,92,False,46.0,True,True,46,False,218000.0,APARTMENT,9900,Eeklo,INSTALLED,AS_NEW,4.0
12584,GROUND_FLOOR,2,110,False,30.0,True,True,70,False,220000.0,APARTMENT,7500,Tournai,USA_INSTALLED,AS_NEW,2.0
12695,APARTMENT,2,83,False,15.0,True,True,104,False,289900.0,APARTMENT,2640,Mortsel,INSTALLED,AS_NEW,2.0
12880,APARTMENT,2,80,False,20.0,True,True,102,False,220000.0,APARTMENT,3545,Zelem,INSTALLED,AS_NEW,4.0
12881,APARTMENT,2,93,False,15.0,True,True,188,False,247000.0,APARTMENT,3545,Zelem,INSTALLED,AS_NEW,4.0
12931,APARTMENT,2,130,False,31.0,True,True,54,False,339000.0,APARTMENT,2300,Turnhout,INSTALLED,AS_NEW,2.0
12988,APARTMENT,3,110,False,8.0,True,True,5000,True,380000.0,APARTMENT,3020,Herent,HYPER_EQUIPPED,GOOD,2.0
13101,APARTMENT,4,318,False,118.0,True,True,400,False,1200000.0,APARTMENT,5000,Namur,USA_HYPER_EQUIPPED,AS_NEW,3.0
13114,GROUND_FLOOR,2,110,False,24.0,True,True,213,False,640000.0,APARTMENT,1000,Bruxelles,USA_HYPER_EQUIPPED,AS_NEW,3.0
13116,GROUND_FLOOR,2,110,False,24.0,True,True,213,False,640000.0,APARTMENT,1050,Ixelles,USA_HYPER_EQUIPPED,AS_NEW,3.0
13186,GROUND_FLOOR,2,100,False,20.0,True,True,75,False,269000.0,APARTMENT,3320,Hoegaarden,INSTALLED,AS_NEW,2.0
13372,GROUND_FLOOR,2,137,False,3.0,True,True,87,False,490000.0,APARTMENT,9051,Gent Sint-Denijs-Westrem,HYPER_EQUIPPED,AS_NEW,2.0
13474,GROUND_FLOOR,2,88,False,11.0,True,True,800,False,180000.0,APARTMENT,7000,Mons,SEMI_EQUIPPED,AS_NEW,3.0
13480,APARTMENT,3,109,False,22.0,True,True,56,False,139999.0,APARTMENT,7120,ESTINNES-AU-VAL,INSTALLED,GOOD,2.0
13891,DUPLEX,2,109,False,30.0,True,True,350,False,440000.0,APARTMENT,1970,Wezembeek-Oppem,USA_INSTALLED,AS_NEW,2.0
13958,APARTMENT,2,203,False,16.0,True,True,84,False,215000.0,APARTMENT,2660,Antwerpen,SEMI_EQUIPPED,GOOD,2.0
13974,APARTMENT,2,178,False,8.0,True,True,40,False,249000.0,APARTMENT,8460,Oudenburg,INSTALLED,AS_NEW,4.0
14140,APARTMENT,2,75,False,10.0,True,True,25,False,169000.0,APARTMENT,4031,Liege Angleur,INSTALLED,GOOD,2.0
14176,DUPLEX,3,170,False,19.0,True,True,30,False,495000.0,APARTMENT,1000,Bruxelles,USA_HYPER_EQUIPPED,AS_NEW,2.0
14271,APARTMENT,2,80,False,17.0,True,True,2500,False,289000.0,APARTMENT,2650,Edegem,INSTALLED,AS_NEW,2.0
14343,APARTMENT,2,100,False,12.0,True,True,50,False,349000.0,APARTMENT,2520,Ranst,HYPER_EQUIPPED,AS_NEW,3.0
14403,GROUND_FLOOR,2,74,False,25.0,True,True,1,False,180000.0,APARTMENT,7000,Mons,INSTALLED,AS_NEW,2.0
14418,APARTMENT,4,232,False,61.0,True,True,186,False,379000.0,APARTMENT,2500,Lier,INSTALLED,GOOD,2.0
14515,LOFT,2,99,False,9.0,True,True,32,False,275514.0,APARTMENT,7700,Mouscron,INSTALLED,AS_NEW,3.0
14516,LOFT,2,137,False,16.0,True,True,57,False,383282.0,APARTMENT,7700,Mouscron,INSTALLED,AS_NEW,3.0
14521,APARTMENT,1,80,False,25.0,True,True,23,False,217000.0,APARTMENT,7760,Celles,INSTALLED,AS_NEW,3.0
14522,APARTMENT,1,72,False,25.0,True,True,63,False,196800.0,APARTMENT,7760,Celles,INSTALLED,AS_NEW,3.0
14551,DUPLEX,3,170,False,20.0,True,True,30,False,495000.0,APARTMENT,1000,Bruxelles,USA_HYPER_EQUIPPED,AS_NEW,2.0
14649,APARTMENT,2,85,False,1.0,True,True,75,False,380000.0,APARTMENT,1040,Etterbeek,HYPER_EQUIPPED,GOOD,2.0
14841,APARTMENT,2,120,True,6.0,True,True,50,False,478000.0,APARTMENT,1180,Uccle,INSTALLED,GOOD,3.0
14924,DUPLEX,2,146,False,35.0,True,True,120,False,220000.0,APARTMENT,4821,Andrimont,INSTALLED,AS_NEW,3.0
14980,APARTMENT,3,166,False,30.0,True,True,250,False,849000.0,APARTMENT,1180,Uccle,USA_HYPER_EQUIPPED,AS_NEW,2.0
15028,GROUND_FLOOR,5,245,False,36.0,True,True,31,False,780000.0,APARTMENT,1200,Woluwe-Saint-Lambert,HYPER_EQUIPPED,AS_NEW,2.0
15038,GROUND_FLOOR,2,110,False,18.0,True,True,103,False,319000.0,APARTMENT,1082,Berchem-Sainte-Agathe,USA_HYPER_EQUIPPED,AS_NEW,2.0
15104,APARTMENT,2,95,False,15.0,True,True,127,False,350000.0,APARTMENT,9140,Steendorp,HYPER_EQUIPPED,AS_NEW,2.0
15213,APARTMENT,5,245,True,36.0,True,True,31,False,780000.0,APARTMENT,1200,Woluwe-Saint-Lambert,HYPER_EQUIPPED,AS_NEW,2.0
15224,DUPLEX,3,140,False,5.0,True,True,55,False,675000.0,APARTMENT,1040,Etterbeek,USA_HYPER_EQUIPPED,AS_NEW,2.0
15345,SERVICE_FLAT,1,53,False,10.0,True,True,30,False,207000.0,APARTMENT,9700,Oudenaarde,USA_INSTALLED,AS_NEW,2.0
15357,GROUND_FLOOR,2,100,False,6.0,True,True,80,False,359000.0,APARTMENT,1860,Meise,INSTALLED,AS_NEW,2.0
15413,DUPLEX,2,107,False,16.0,True,True,52,False,595000.0,APARTMENT,1180,Uccle,USA_HYPER_EQUIPPED,AS_NEW,2.0
15498,GROUND_FLOOR,1,74,False,5.0,True,True,32,False,250000.0,APARTMENT,1180,Uccle,INSTALLED,TO_BE_DONE_UP,2.0
15599,DUPLEX,4,211,False,15.0,True,True,109,False,995000.0,APARTMENT,1030,Schaerbeek,USA_HYPER_EQUIPPED,AS_NEW,2.0
15610,APARTMENT,1,73,False,10.0,True,True,90,False,200000.0,APARTMENT,1140,Evere,INSTALLED,GOOD,2.0
15674,GROUND_FLOOR,2,180,False,37.0,True,True,37,False,599000.0,APARTMENT,1050,Ixelles,NOT_INSTALLED,TO_BE_DONE_UP,2.0
15675,GROUND_FLOOR,2,180,False,37.0,True,True,37,False,599000.0,APARTMENT,1060,Saint-Gilles,NOT_INSTALLED,TO_BE_DONE_UP,2.0
15718,APARTMENT,3,186,False,50.0,True,True,700,False,1650000.0,APARTMENT,1180,Uccle,HYPER_EQUIPPED,AS_NEW,3.0
15729,GROUND_FLOOR,3,201,False,60.0,True,True,311,False,1690000.0,APARTMENT,1180,Uccle,HYPER_EQUIPPED,AS_NEW,4.0
15750,GROUND_FLOOR,2,96,True,6.0,True,True,180,False,320000.0,APARTMENT,1020,Laeken,INSTALLED,GOOD,3.0
15769,GROUND_FLOOR,2,85,False,16.0,True,True,35,False,215000.0,APARTMENT,2660,Antwerpen,INSTALLED,GOOD,2.0
16213,APARTMENT,5,326,False,14.0,True,True,390,False,1550000.0,APARTMENT,1180,Uccle,HYPER_EQUIPPED,GOOD,2.0
16358,GROUND_FLOOR,2,107,False,46.0,True,True,300,False,219000.0,APARTMENT,4101,Seraing (Jemeppe-sur-Meuse),INSTALLED,AS_NEW,4.0
16493,APARTMENT,2,108,False,22.0,True,True,128,False,449000.0,APARTMENT,1200,Woluwe-Saint-Lambert,USA_HYPER_EQUIPPED,JUST_RENOVATED,2.0
16503,APARTMENT,2,131,False,22.0,True,True,22,False,399000.0,APARTMENT,1300,Wavre,USA_HYPER_EQUIPPED,AS_NEW,2.0
16585,GROUND_FLOOR,2,82,False,1.0,True,True,60,False,269900.0,APARTMENT,2640,Mortsel,INSTALLED,AS_NEW,2.0
16609,APARTMENT,2,103,True,8.0,True,True,10,False,340000.0,APARTMENT,1020,Bruxelles,HYPER_EQUIPPED,AS_NEW,2.0
16691,GROUND_FLOOR,1,110,False,15.0,True,True,30,False,299000.0,APARTMENT,1040,Etterbeek,INSTALLED,TO_BE_DONE_UP,2.0
16705,GROUND_FLOOR,3,166,False,20.0,True,True,260,False,849000.0,APARTMENT,1180,Uccle,USA_INSTALLED,AS_NEW,2.0
16781,GROUND_FLOOR,2,112,False,14.0,True,True,60,False,430000.0,APARTMENT,1780,Wemmel,USA_HYPER_EQUIPPED,AS_NEW,2.0
16796,GROUND_FLOOR,2,108,False,10.0,True,True,200,False,449000.0,APARTMENT,1180,Uccle,USA_INSTALLED,AS_NEW,2.0
16852,GROUND_FLOOR,2,80,False,30.0,True,True,45,False,315000.0,APARTMENT,2640,Mortsel,INSTALLED,GOOD,3.0
16910,APARTMENT,2,78,False,21.0,True,True,176,False,289000.0,APARTMENT,3500,Hasselt,INSTALLED,GOOD,2.0
16943,GROUND_FLOOR,2,140,False,28.0,True,True,40,False,670000.0,APARTMENT,1180,Uccle,USA_HYPER_EQUIPPED,AS_NEW,2.0
16978,GROUND_FLOOR,2,87,False,7.0,True,True,114,False,200000.0,APARTMENT,4100,Seraing,HYPER_EQUIPPED,AS_NEW,3.0
16985,APARTMENT,1,56,False,26.0,True,True,36,False,118000.0,APARTMENT,4300,Waremme Oleye,INSTALLED,GOOD,3.0
17091,GROUND_FLOOR,2,61,False,12.0,True,True,80,False,265000.0,APARTMENT,8370,Blankenberge,INSTALLED,GOOD,4.0
17100,GROUND_FLOOR,2,110,False,15.0,True,True,50,False,335000.0,APARTMENT,2870,Puurs,HYPER_EQUIPPED,AS_NEW,2.0
17242,GROUND_FLOOR,3,135,False,43.0,True,True,125,False,420000.0,APARTMENT,9120,Beveren,HYPER_EQUIPPED,AS_NEW,3.0
17268,APARTMENT,3,134,False,18.0,True,True,140,False,749000.0,APARTMENT,1180,Uccle,USA_HYPER_EQUIPPED,AS_NEW,2.0
17334,APARTMENT,3,110,False,9.0,True,True,30,False,259000.0,APARTMENT,2610,Antwerpen,INSTALLED,TO_BE_DONE_UP,2.0
17339,GROUND_FLOOR,2,82,False,36.0,True,True,47,False,279000.0,APARTMENT,3012,Leuven,INSTALLED,AS_NEW,3.0
17366,APARTMENT,3,100,False,20.0,True,True,180,False,200000.0,APARTMENT,2160,Wommelgem,INSTALLED,GOOD,2.0
17519,GROUND_FLOOR,2,167,False,35.0,True,True,14000,False,730000.0,APARTMENT,2930,Brasschaat,HYPER_EQUIPPED,AS_NEW,3.0
17556,GROUND_FLOOR,2,105,False,9.0,True,True,43,False,440000.0,APARTMENT,1180,Uccle,HYPER_EQUIPPED,AS_NEW,2.0
17587,TRIPLEX,4,155,False,15.0,True,True,30,False,565000.0,APARTMENT,1030,Schaerbeek,USA_HYPER_EQUIPPED,AS_NEW,2.0
17639,PENTHOUSE,2,82,False,35.0,True,True,35,False,299000.0,APARTMENT,2580,Putte,INSTALLED,AS_NEW,2.0
17878,DUPLEX,2,95,False,14.0,True,True,50,False,335000.0,APARTMENT,1730,Asse,INSTALLED,AS_NEW,1.0
17939,APARTMENT,3,100,False,10.0,True,True,15,False,399000.0,APARTMENT,1200,Woluwe-Saint-Lambert,USA_INSTALLED,AS_NEW,2.0
18131,APARTMENT,2,111,False,27.0,True,True,27,False,306000.0,APARTMENT,8750,Wingene,INSTALLED,GOOD,3.0
18478,GROUND_FLOOR,2,93,False,15.0,True,True,191,False,349000.0,APARTMENT,2940,Hoevenen,HYPER_EQUIPPED,AS_NEW,2.0
18488,APARTMENT,2,90,False,26.0,True,True,70,False,259000.0,APARTMENT,3945,Ham,INSTALLED,AS_NEW,2.0
18851,GROUND_FLOOR,2,82,False,16.0,True,True,12,False,735000.0,APARTMENT,8300,Knokke-Heist,USA_HYPER_EQUIPPED,AS_NEW,3.0
18941,APARTMENT,2,92,False,16.0,True,True,16,False,228000.0,APARTMENT,8600,Diksmuide,INSTALLED,GOOD,4.0
19090,APARTMENT,1,74,False,22.0,True,True,82,False,325000.0,APARTMENT,3018,Wijgmaal,INSTALLED,GOOD,2.0
19142,GROUND_FLOOR,2,90,False,20.0,True,True,30,False,385000.0,APARTMENT,1200,Woluwe-Saint-Lambert,INSTALLED,GOOD,2.0
19182,GROUND_FLOOR,3,134,False,20.0,True,True,150,False,305000.0,APARTMENT,1620,Drogenbos,NOT_INSTALLED,TO_RENOVATE,2.0
19376,GROUND_FLOOR,5,219,False,40.0,True,True,100,False,1180000.0,APARTMENT,1180,Uccle,USA_HYPER_EQUIPPED,JUST_RENOVATED,4.0
19387,DUPLEX,3,145,False,24.0,True,True,500,False,255000.0,APARTMENT,6780,Messancy,INSTALLED,AS_NEW,2.0
19404,DUPLEX,1,145,False,8.0,True,True,350,False,325000.0,APARTMENT,3300,Tienen,HYPER_EQUIPPED,AS_NEW,2.0
19444,GROUND_FLOOR,1,75,False,26.0,True,True,49,False,229000.0,APARTMENT,1081,Koekelberg,HYPER_EQUIPPED,AS_NEW,2.0
19455,APARTMENT,2,98,False,17.0,True,True,50,False,399000.0,APARTMENT,2018,Antwerp,HYPER_EQUIPPED,AS_NEW,2.0
19654,DUPLEX,2,90,False,25.0,True,True,50,False,229000.0,APARTMENT,1400,Nivelles,USA_HYPER_EQUIPPED,GOOD,3.0
19753,APARTMENT,1,67,False,5.0,True,True,20,False,152000.0,APARTMENT,7322,Bernissart Pommeroeul,USA_HYPER_EQUIPPED,AS_NEW,4.0
19757,APARTMENT,2,70,False,10.0,True,True,100,False,210000.0,APARTMENT,1070,Anderlecht,USA_SEMI_EQUIPPED,AS_NEW,2.0
19846,APARTMENT,3,172,False,25.0,True,True,130,False,570000.0,APARTMENT,1180,Uccle,INSTALLED,GOOD,3.0
19873,GROUND_FLOOR,2,80,False,30.0,True,True,30,False,240000.0,APARTMENT,1180,Uccle,INSTALLED,GOOD,2.0
19968,APARTMENT,1,54,False,3.0,True,True,100,False,199000.0,APARTMENT,3550,Heusden,INSTALLED,AS_NEW,2.0
